store_code,count_non_na,trim_mean_01,trim_mean_02,mean,min,max,count_non_na_class,trim_mean_01_class,trim_mean_02_class,mean_class,min_class,max_class
10077,23,66.3157894736842,40.0,169.56521739130434,0.0,1950.0,top,low,low,low,top,standard
10079,23,11464.736842105263,11362.0,11748.260869565218,0.0,27540.0,top,top,top,top,top,top
10081,23,16961.052631578947,16528.0,17565.652173913044,0.0,41010.0,top,top,top,top,top,top
10085,23,1220.5263157894738,802.0,1833.9130434782608,0.0,9660.0,top,high,high,high,top,top
10086,23,915.7894736842105,400.0,1470.0,0.0,9450.0,top,high,high,high,top,top
10111,23,388.42105263157896,88.0,782.6086956521739,0.0,5400.0,top,standard,standard,high,top,high
10176,23,7438.421052631579,7256.0,8081.739130434783,0.0,22800.0,top,top,top,top,top,top
10377,23,2251.5789473684213,1732.0,3078.2608695652175,0.0,15060.0,top,top,top,top,top,top
10384,23,11238.947368421053,10890.0,11396.08695652174,0.0,24780.0,top,top,top,top,top,top
10391,23,32734.736842105263,32522.0,32055.652173913044,3030.0,48210.0,top,top,top,top,top,top
10441,23,6713.684210526316,6398.0,7480.434782608696,0.0,24030.0,top,top,top,top,top,top
10476,23,625.2631578947369,324.0,1044.7826086956522,0.0,7380.0,top,high,high,high,top,top
10545,23,600.0,400.0,881.7391304347826,0.0,5520.0,top,high,high,high,top,high
10548,23,4027.8947368421054,3558.0,4456.95652173913,-90.0,13440.0,top,top,top,top,bottom,top
10672,23,844.7368421052631,508.0,1321.304347826087,0.0,9570.0,top,high,high,high,top,top
10814,23,1176.3157894736842,330.0,1840.4347826086957,0.0,10620.0,top,high,high,high,top,top
10820,23,252.6315789473684,62.0,397.82608695652175,0.0,2280.0,top,standard,low,standard,top,standard
10831,23,2889.4736842105262,1684.0,3944.3478260869565,0.0,19410.0,top,top,top,top,top,top
10869,23,21143.684210526317,21488.0,20445.652173913044,300.0,32820.0,top,top,top,top,top,top
10871,23,5398.421052631579,4890.0,5883.913043478261,0.0,16500.0,top,top,top,top,top,top
10872,23,1340.5263157894738,608.0,2272.1739130434785,0.0,17550.0,top,high,high,top,top,top
10883,23,361.57894736842104,206.0,573.9130434782609,0.0,3720.0,top,standard,standard,high,top,high
10928,23,21907.894736842107,22148.0,22625.217391304348,0.0,53820.0,top,top,top,top,top,top
10932,23,31590.0,32074.0,31816.956521739132,0.0,68010.0,top,top,top,top,top,top
10955,23,26447.36842105263,26450.0,26956.956521739132,0.0,63840.0,top,top,top,top,top,top
10962,23,470.5263157894737,338.0,669.1304347826087,0.0,3750.0,top,high,high,high,top,high
10975,23,88.42105263157895,54.0,129.1304347826087,0.0,720.0,top,low,low,low,top,bottom
10992,23,0.0,0.0,19.565217391304348,0.0,450.0,top,bottom,bottom,bottom,top,bottom
10998,23,185835.7894736842,185804.0,183032.60869565216,88950.0,253410.0,top,top,top,top,top,top
11007,23,0.0,0.0,2.608695652173913,0.0,60.0,top,bottom,bottom,bottom,top,bottom
11013,23,306.3157894736842,108.0,451.30434782608694,0.0,2310.0,top,standard,standard,standard,top,standard
11028,23,23777.36842105263,24738.0,23436.521739130436,0.0,44310.0,top,top,top,top,top,top
11233,23,0.0,0.0,15.652173913043478,0.0,360.0,top,bottom,bottom,bottom,top,bottom
11564,23,11221.578947368422,11034.0,11882.608695652174,0.0,32220.0,top,top,top,top,top,top
11570,23,4782.631578947368,4528.0,5122.173913043478,0.0,13710.0,top,top,top,top,top,top
11582,23,407.36842105263156,296.0,512.6086956521739,0.0,2250.0,top,standard,high,standard,top,standard
11601,23,65392.10526315789,66856.0,62649.13043478261,0.0,104310.0,top,top,top,top,top,top
11603,23,23175.78947368421,23396.0,23366.08695652174,0.0,48630.0,top,top,top,top,top,top
11607,23,12990.0,12710.0,13430.869565217392,0.0,32460.0,top,top,top,top,top,top
11736,23,582.6315789473684,134.0,1099.5652173913043,0.0,7140.0,top,high,standard,high,top,top
11954,23,23611.57894736842,25244.0,22809.130434782608,0.0,40620.0,top,top,top,top,top,top
12033,23,3759.4736842105262,3190.0,4306.95652173913,0.0,14280.0,top,top,top,top,top,top
12160,23,121.57894736842105,68.0,203.47826086956522,0.0,1380.0,top,low,low,low,top,low
12249,23,1072.1052631578948,944.0,1316.0869565217392,0.0,5520.0,top,high,high,high,top,high
12267,23,4389.473684210527,4030.0,4991.739130434783,0.0,16170.0,top,top,top,top,top,top
12279,23,36865.26315789474,37422.0,37262.608695652176,0.0,85950.0,top,top,top,top,top,top
12340,23,6952.105263157895,6836.0,7291.304347826087,0.0,17880.0,top,top,top,top,top,top
12369,23,611.0526315789474,310.0,902.6086956521739,0.0,4950.0,top,high,high,high,top,high
12388,23,626.8421052631579,224.0,1074.7826086956522,0.0,7590.0,top,high,standard,high,top,top
12474,23,3726.315789473684,3312.0,4033.0434782608695,0.0,11160.0,top,top,top,top,top,top
12505,23,1110.0,536.0,1719.1304347826087,0.0,9720.0,top,high,high,high,top,top
12642,23,1465.2631578947369,874.0,2019.1304347826087,0.0,10740.0,top,high,high,top,top,top
12652,23,3435.7894736842104,3218.0,3609.1304347826085,0.0,8880.0,top,top,top,top,top,top
12667,23,693.1578947368421,370.0,1027.8260869565217,0.0,6030.0,top,high,high,high,top,high
12794,23,573.1578947368421,172.0,936.5217391304348,0.0,6210.0,top,high,standard,high,top,high
12836,23,1697.3684210526317,1566.0,1887.391304347826,0.0,6690.0,top,top,top,top,top,high
12889,23,2196.315789473684,1566.0,2928.2608695652175,0.0,14190.0,top,top,top,top,top,top
12963,23,486.3157894736842,288.0,669.1304347826087,0.0,3180.0,top,high,high,high,top,high
12974,23,1713.157894736842,808.0,2663.478260869565,0.0,14880.0,top,top,high,top,top,top
12978,23,157.89473684210526,50.0,305.2173913043478,0.0,2310.0,top,low,low,standard,top,standard
12983,23,298.42105263157896,184.0,405.6521739130435,0.0,2070.0,top,standard,standard,standard,top,standard
13118,23,14.210526315789474,6.0,22.17391304347826,0.0,120.0,top,bottom,bottom,bottom,top,bottom
13175,23,2118.9473684210525,1560.0,2706.521739130435,0.0,12330.0,top,top,top,top,top,top
13196,23,175.26315789473685,90.0,256.95652173913044,0.0,1500.0,top,standard,standard,standard,top,standard
1326,23,7583.684210526316,7198.0,8058.260869565217,0.0,21630.0,top,top,top,top,top,top
13336,23,468.94736842105266,428.0,519.1304347826087,0.0,1590.0,top,high,high,standard,top,standard
13397,23,303.1578947368421,196.0,444.7826086956522,0.0,2490.0,top,standard,standard,standard,top,standard
13427,23,2212.1052631578946,2084.0,2386.9565217391305,0.0,6630.0,top,top,top,top,top,high
13707,23,440.5263157894737,266.0,825.6521739130435,0.0,6960.0,top,high,high,high,top,top
13722,23,2857.8947368421054,2752.0,3028.695652173913,0.0,8100.0,top,top,top,top,top,top
13743,23,3849.4736842105262,3730.0,3983.478260869565,0.0,9360.0,top,top,top,top,top,top
13794,23,2370.0,2164.0,2559.1304347826085,0.0,6990.0,top,top,top,top,top,top
13798,23,4267.894736842105,4288.0,4463.478260869565,0.0,10920.0,top,top,top,top,top,top
13880,23,528.9473684210526,240.0,837.3913043478261,0.0,5010.0,top,high,standard,high,top,high
13890,23,472.10526315789474,306.0,744.7826086956521,0.0,4440.0,top,high,high,high,top,high
13988,23,4302.631578947368,3930.0,4753.04347826087,0.0,15930.0,top,top,top,top,top,top
14006,23,5243.684210526316,4692.0,5898.260869565217,0.0,18240.0,top,top,top,top,top,top
14468,23,693.1578947368421,506.0,849.1304347826087,0.0,3300.0,top,high,high,high,top,high
14609,23,6999.473684210527,6420.0,7849.565217391304,0.0,27360.0,top,top,top,top,top,top
14659,23,1526.842105263158,1054.0,1895.2173913043478,0.0,7680.0,top,high,high,top,top,top
14666,23,4721.0526315789475,4366.0,5103.913043478261,0.0,15120.0,top,top,top,top,top,top
14751,23,331.57894736842104,68.0,624.7826086956521,0.0,4680.0,top,standard,low,high,top,high
14752,23,1998.9473684210527,1390.0,2594.3478260869565,0.0,10860.0,top,top,top,top,top,top
14784,23,3064.7368421052633,2666.0,3457.8260869565215,0.0,11520.0,top,top,top,top,top,top
14877,23,623.6842105263158,378.0,873.9130434782609,0.0,4140.0,top,high,high,high,top,high
14892,23,352.10526315789474,180.0,519.1304347826087,0.0,2790.0,top,standard,standard,standard,top,standard
1498,23,0.0,0.0,15.652173913043478,0.0,360.0,top,bottom,bottom,bottom,top,bottom
14999,23,219.47368421052633,118.0,323.4782608695652,0.0,1650.0,top,standard,standard,standard,top,standard
15048,23,260.5263157894737,106.0,450.0,0.0,3270.0,top,standard,standard,standard,top,high
15062,23,154.73684210526315,70.0,228.2608695652174,0.0,1290.0,top,low,low,low,top,low
15067,23,503.6842105263158,358.0,761.7391304347826,0.0,4680.0,top,high,high,high,top,high
15077,23,17.36842105263158,8.0,32.608695652173914,0.0,210.0,top,bottom,bottom,bottom,top,bottom
15086,23,20531.052631578947,20336.0,20513.478260869564,10230.0,29580.0,top,top,top,top,top,top
15093,23,18146.842105263157,15722.0,20508.260869565216,0.0,70710.0,top,top,top,top,top,top
15100,23,129601.57894736843,132574.0,124455.65217391304,0.0,197730.0,top,top,top,top,top,top
15106,23,17782.105263157893,18172.0,17739.130434782608,0.0,36720.0,top,top,top,top,top,top
15111,23,74.21052631578948,26.0,174.7826086956522,0.0,1890.0,top,low,low,low,top,standard
15151,23,108.94736842105263,72.0,199.56521739130434,0.0,1320.0,top,low,low,low,top,low
15157,23,4721.0526315789475,4478.0,4961.739130434783,0.0,12270.0,top,top,top,top,top,top
15161,23,4297.894736842105,4234.0,4786.95652173913,0.0,16470.0,top,top,top,top,top,top
15167,23,36.31578947368421,18.0,91.30434782608695,0.0,1050.0,top,bottom,bottom,bottom,top,low
15205,23,2400.0,2162.0,2647.8260869565215,0.0,8160.0,top,top,top,top,top,top
15255,23,0.0,0.0,11.73913043478261,0.0,210.0,top,bottom,bottom,bottom,top,bottom
15256,23,5840.526315789473,5458.0,6388.695652173913,0.0,18750.0,top,top,top,top,top,top
15481,23,4113.1578947368425,3540.0,4573.04347826087,0.0,13830.0,top,top,top,top,top,top
15491,23,0.0,0.0,10.434782608695652,0.0,240.0,top,bottom,bottom,bottom,top,bottom
15599,23,104.21052631578948,34.0,233.47826086956522,0.0,2400.0,top,low,low,low,top,standard
15605,23,2008.421052631579,1852.0,2158.695652173913,0.0,5760.0,top,top,top,top,top,high
15633,23,6765.789473684211,6478.0,7213.04347826087,0.0,21210.0,top,top,top,top,top,top
15717,23,205.26315789473685,36.0,408.2608695652174,0.0,2880.0,top,standard,low,standard,top,standard
15796,23,153.1578947368421,72.0,243.91304347826087,0.0,1500.0,top,low,low,low,top,standard
15800,23,797.3684210526316,312.0,1295.2173913043478,0.0,7620.0,top,high,high,high,top,top
16136,23,173.68421052631578,108.0,234.7826086956522,0.0,1200.0,top,standard,standard,low,top,low
16175,23,2024.2105263157894,544.0,3571.304347826087,0.0,24120.0,top,top,high,top,top,top
16186,23,4065.7894736842104,3192.0,5161.304347826087,0.0,22770.0,top,top,top,top,top,top
16314,23,2125.2631578947367,648.0,3340.4347826086955,0.0,19110.0,top,top,high,top,top,top
16565,23,508.42105263157896,270.0,730.4347826086956,0.0,3750.0,top,high,high,high,top,high
16581,23,173.68421052631578,46.0,320.8695652173913,0.0,2520.0,top,standard,low,standard,top,standard
16589,23,2955.7894736842104,2832.0,3075.6521739130435,0.0,7440.0,top,top,top,top,top,top
16635,23,164.21052631578948,100.0,212.6086956521739,0.0,900.0,top,standard,standard,low,top,low
16796,23,67.89473684210526,32.0,134.34782608695653,0.0,1050.0,top,low,low,low,top,low
16894,23,3.1578947368421053,0.0,32.608695652173914,0.0,390.0,top,bottom,bottom,bottom,top,bottom
17330,23,35848.42105263158,37280.0,33924.782608695656,0.0,50910.0,top,top,top,top,top,top
17344,23,10583.684210526315,9746.0,11350.434782608696,0.0,30240.0,top,top,top,top,top,top
17366,23,28031.052631578947,29966.0,27465.652173913044,0.0,50430.0,top,top,top,top,top,top
17378,23,2423.684210526316,1668.0,3297.391304347826,0.0,15870.0,top,top,top,top,top,top
17392,23,4500.0,3796.0,5010.0,0.0,14910.0,top,top,top,top,top,top
17406,23,1659.4736842105262,1122.0,2097.391304347826,0.0,8550.0,top,top,high,top,top,top
17470,23,39.473684210526315,8.0,74.34782608695652,0.0,540.0,top,bottom,bottom,bottom,top,bottom
17767,23,317.36842105263156,176.0,481.30434782608694,0.0,3030.0,top,standard,standard,standard,top,high
17768,23,0.0,0.0,7.826086956521739,0.0,120.0,top,bottom,bottom,bottom,top,bottom
17829,23,617.3684210526316,388.0,864.7826086956521,0.0,4230.0,top,high,high,high,top,high
17831,23,877.8947368421053,736.0,1245.6521739130435,0.0,8310.0,top,high,high,high,top,top
17863,23,1624.7368421052631,1336.0,1874.3478260869565,0.0,6330.0,top,top,top,top,top,high
17899,23,219.47368421052633,158.0,285.6521739130435,0.0,1380.0,top,standard,standard,standard,top,low
17912,23,14954.21052631579,13984.0,16320.0,0.0,47310.0,top,top,top,top,top,top
17962,23,353.6842105263158,240.0,485.2173913043478,0.0,2730.0,top,standard,standard,standard,top,standard
17965,23,274.7368421052632,186.0,348.2608695652174,0.0,1440.0,top,standard,standard,standard,top,low
18096,23,74.21052631578948,38.0,127.82608695652173,0.0,900.0,top,low,low,low,top,low
18105,23,9.473684210526315,2.0,24.782608695652176,0.0,300.0,top,bottom,bottom,bottom,top,bottom
18109,23,900.0,612.0,1270.4347826086957,0.0,6330.0,top,high,high,high,top,high
18272,23,249.47368421052633,168.0,324.7826086956522,0.0,1470.0,top,standard,standard,standard,top,standard
18300,23,1163.6842105263158,936.0,1352.608695652174,0.0,4590.0,top,high,high,high,top,high
18307,23,45.78947368421053,20.0,86.08695652173913,0.0,690.0,top,bottom,bottom,bottom,top,bottom
18408,23,0.0,0.0,9.130434782608695,0.0,180.0,top,bottom,bottom,bottom,top,bottom
18448,23,90.0,28.0,165.65217391304347,0.0,1140.0,top,low,low,low,top,low
18472,23,1593.157894736842,1382.0,1944.7826086956522,0.0,8490.0,top,top,top,top,top,top
18540,23,503.6842105263158,188.0,803.4782608695652,0.0,4590.0,top,high,standard,high,top,high
18578,23,36.31578947368421,18.0,50.869565217391305,0.0,270.0,top,bottom,bottom,bottom,top,bottom
18706,23,377.36842105263156,268.0,507.39130434782606,0.0,2370.0,top,standard,high,standard,top,standard
18716,23,12.631578947368421,2.0,28.695652173913043,0.0,240.0,top,bottom,bottom,bottom,top,bottom
18761,23,137.3684210526316,92.0,195.65217391304347,0.0,960.0,top,low,standard,low,top,low
18877,23,23.68421052631579,10.0,35.21739130434783,0.0,210.0,top,bottom,bottom,bottom,top,bottom
18938,23,0.0,0.0,2.608695652173913,0.0,60.0,top,bottom,bottom,bottom,top,bottom
18966,23,791.0526315789474,550.0,992.6086956521739,0.0,4200.0,top,high,high,high,top,high
19202,23,429.4736842105263,116.0,748.695652173913,0.0,4770.0,top,high,standard,high,top,high
19258,23,20.526315789473685,2.0,58.69565217391305,0.0,660.0,top,bottom,bottom,bottom,top,bottom
19261,23,429.4736842105263,348.0,589.5652173913044,0.0,2910.0,top,high,high,high,top,high
19354,23,41.05263157894737,14.0,62.608695652173914,0.0,360.0,top,bottom,bottom,bottom,top,bottom
19506,23,0.0,0.0,2.608695652173913,0.0,30.0,top,bottom,bottom,bottom,top,bottom
19556,23,1274.2105263157894,1102.0,1438.695652173913,0.0,4920.0,top,high,high,high,top,high
19609,23,1493.6842105263158,1248.0,1801.304347826087,0.0,7500.0,top,high,top,high,top,top
19629,23,1083.157894736842,1046.0,1158.2608695652175,0.0,3540.0,top,high,high,high,top,high
19715,23,151.57894736842104,56.0,251.7391304347826,0.0,1590.0,top,low,low,standard,top,standard
19717,23,0.0,0.0,26.08695652173913,0.0,300.0,top,bottom,bottom,bottom,top,bottom
19738,23,3895.2631578947367,4012.0,4167.391304347826,0.0,12180.0,top,top,top,top,top,top
19743,23,9.473684210526315,0.0,36.52173913043478,0.0,360.0,top,bottom,bottom,bottom,top,bottom
19747,23,55.26315789473684,16.0,108.26086956521739,0.0,930.0,top,bottom,bottom,low,top,low
19807,23,789.4736842105264,734.0,851.7391304347826,0.0,2430.0,top,high,high,high,top,standard
19813,23,590.5263157894736,360.0,896.0869565217391,0.0,4710.0,top,high,high,high,top,high
19830,23,184.73684210526315,122.0,267.39130434782606,0.0,1440.0,top,standard,standard,standard,top,low
19844,23,413.6842105263158,352.0,477.39130434782606,0.0,1590.0,top,high,high,standard,top,standard
19846,23,3157.8947368421054,3054.0,3319.5652173913045,0.0,8460.0,top,top,top,top,top,top
19851,23,96.3157894736842,56.0,142.17391304347825,0.0,840.0,top,low,low,low,top,low
19854,23,2324.2105263157896,1666.0,3031.304347826087,0.0,14310.0,top,top,top,top,top,top
19856,23,197.3684210526316,138.0,266.0869565217391,0.0,1410.0,top,standard,standard,standard,top,low
19860,23,102.63157894736842,62.0,148.69565217391303,0.0,810.0,top,low,low,low,top,low
19862,23,3933.157894736842,3836.0,3991.304347826087,0.0,9600.0,top,top,top,top,top,top
19868,23,2925.7894736842104,2792.0,3130.4347826086955,0.0,8370.0,top,top,top,top,top,top
19873,23,9508.421052631578,9662.0,9217.826086956522,0.0,16230.0,top,top,top,top,top,top
19898,23,31.57894736842105,4.0,83.47826086956522,0.0,1050.0,top,bottom,bottom,bottom,top,low
19967,23,317.36842105263156,138.0,534.7826086956521,0.0,3420.0,top,standard,standard,standard,top,high
19972,23,2043.157894736842,2020.0,2113.0434782608695,0.0,5040.0,top,top,top,top,top,high
20047,23,3217.8947368421054,3246.0,3319.5652173913045,0.0,8850.0,top,top,top,top,top,top
20081,23,37924.73684210526,37904.0,36833.47826086957,0.0,68040.0,top,top,top,top,top,top
20084,23,1852.1052631578948,1648.0,2088.2608695652175,0.0,6540.0,top,top,top,top,top,high
20089,23,19604.21052631579,20408.0,18923.478260869564,0.0,36000.0,top,top,top,top,top,top
20097,23,1850.5263157894738,1802.0,1981.304347826087,0.0,5580.0,top,top,top,top,top,high
20102,23,3202.1052631578946,3154.0,3339.1304347826085,0.0,8580.0,top,top,top,top,top,top
20108,23,475.2631578947368,316.0,637.8260869565217,0.0,3240.0,top,high,high,high,top,high
20116,23,1283.6842105263158,1088.0,1593.9130434782608,0.0,6630.0,top,high,high,high,top,high
20122,23,195.78947368421052,116.0,270.0,0.0,1380.0,top,standard,standard,standard,top,low
20148,23,1416.3157894736842,1308.0,1584.7826086956522,0.0,5130.0,top,high,top,high,top,high
20153,23,383.6842105263158,350.0,455.2173913043478,0.0,1620.0,top,standard,high,standard,top,standard
20161,23,840.0,524.0,1201.304347826087,0.0,6930.0,top,high,high,high,top,top
20181,23,296.8421052631579,144.0,507.39130434782606,0.0,3870.0,top,standard,standard,standard,top,high
20184,23,3090.0,2842.0,3279.1304347826085,0.0,8400.0,top,top,top,top,top,top
20188,23,20.526315789473685,4.0,74.34782608695652,0.0,780.0,top,bottom,bottom,bottom,top,low
20210,23,2507.3684210526317,2260.0,2685.6521739130435,0.0,7170.0,top,top,top,top,top,top
20230,23,1526.842105263158,1356.0,1694.3478260869565,0.0,5130.0,top,high,top,high,top,high
20236,23,2785.2631578947367,2778.0,2847.391304347826,0.0,6720.0,top,top,top,top,top,high
20239,23,1926.3157894736842,1748.0,2158.695652173913,0.0,7110.0,top,top,top,top,top,top
20250,23,91.57894736842105,48.0,148.69565217391303,0.0,930.0,top,low,low,low,top,low
20257,23,1.5789473684210527,0.0,10.434782608695652,0.0,180.0,top,bottom,bottom,bottom,top,bottom
20265,23,11.052631578947368,2.0,24.782608695652176,0.0,210.0,top,bottom,bottom,bottom,top,bottom
20275,23,135.78947368421052,78.0,183.91304347826087,0.0,870.0,top,low,low,low,top,low
20281,23,129.47368421052633,38.0,203.47826086956522,0.0,1170.0,top,low,low,low,top,low
20321,23,413.6842105263158,344.0,490.4347826086956,0.0,1950.0,top,high,high,standard,top,standard
20366,23,121.57894736842105,84.0,159.1304347826087,0.0,690.0,top,low,standard,low,top,bottom
20410,23,361.57894736842104,126.0,684.7826086956521,0.0,5670.0,top,standard,standard,high,top,high
20429,23,225.78947368421052,164.0,292.17391304347825,0.0,1290.0,top,standard,standard,standard,top,low
20431,23,1173.157894736842,980.0,1372.1739130434783,0.0,5010.0,top,high,high,high,top,high
20441,23,134.21052631578948,64.0,232.17391304347825,0.0,1530.0,top,low,low,low,top,standard
20449,23,1774.7368421052631,1478.0,2064.782608695652,0.0,7650.0,top,top,top,top,top,top
20468,23,18276.315789473683,19080.0,18298.695652173912,0.0,39780.0,top,top,top,top,top,top
20473,23,115.26315789473684,72.0,159.1304347826087,0.0,810.0,top,low,low,low,top,low
20523,23,142.10526315789474,86.0,204.7826086956522,0.0,1290.0,top,low,standard,low,top,low
20588,23,1526.842105263158,1308.0,1764.7826086956522,0.0,6180.0,top,high,top,high,top,high
20590,23,99.47368421052632,40.0,177.3913043478261,0.0,1530.0,top,low,low,low,top,standard
20599,23,734.2105263157895,552.0,1027.8260869565217,0.0,5250.0,top,high,high,high,top,high
20610,23,1596.3157894736842,1566.0,1661.7391304347825,0.0,3960.0,top,top,top,high,top,high
20617,23,487.89473684210526,468.0,524.3478260869565,0.0,1410.0,top,high,high,standard,top,low
20631,23,184.73684210526315,116.0,256.95652173913044,0.0,1380.0,top,standard,standard,standard,top,low
20647,23,797.3684210526316,704.0,932.6086956521739,0.0,3510.0,top,high,high,high,top,high
20648,23,718.421052631579,640.0,837.3913043478261,0.0,3390.0,top,high,high,high,top,high
20652,23,873.1578947368421,792.0,1010.8695652173913,0.0,3630.0,top,high,high,high,top,high
20654,23,184.73684210526315,118.0,286.95652173913044,0.0,1740.0,top,standard,standard,standard,top,standard
20675,23,424.7368421052632,294.0,575.2173913043479,0.0,2610.0,top,high,high,high,top,standard
20692,23,367.89473684210526,282.0,453.9130434782609,0.0,1890.0,top,standard,high,standard,top,standard
20698,23,150.0,92.0,219.1304347826087,0.0,1170.0,top,low,standard,low,top,low
20729,23,783.1578947368421,542.0,979.5652173913044,0.0,4020.0,top,high,high,high,top,high
20773,23,325.2631578947368,204.0,480.0,0.0,3120.0,top,standard,standard,standard,top,high
20807,23,281.05263157894734,178.0,456.5217391304348,0.0,3720.0,top,standard,standard,standard,top,high
20816,23,238.42105263157896,154.0,314.3478260869565,0.0,1410.0,top,standard,standard,standard,top,low
20902,23,18.94736842105263,2.0,41.73913043478261,0.0,360.0,top,bottom,bottom,bottom,top,bottom
20911,23,64.73684210526316,42.0,96.52173913043478,0.0,570.0,top,low,low,bottom,top,bottom
20926,23,1147.8947368421052,1104.0,1254.7826086956522,0.0,3840.0,top,high,high,high,top,high
20931,23,516.3157894736842,484.0,555.6521739130435,0.0,1590.0,top,high,high,high,top,standard
20944,23,661.578947368421,628.0,729.1304347826087,0.0,2340.0,top,high,high,high,top,standard
20976,23,159.47368421052633,102.0,215.2173913043478,0.0,1020.0,top,low,standard,low,top,low
20999,23,371.05263157894734,234.0,528.2608695652174,0.0,2910.0,top,standard,standard,standard,top,high
21000,23,263.6842105263158,198.0,332.60869565217394,0.0,1350.0,top,standard,standard,standard,top,low
21053,23,647.3684210526316,458.0,812.6086956521739,0.0,3510.0,top,high,high,high,top,high
21135,23,159.47368421052633,66.0,284.3478260869565,0.0,2250.0,top,low,low,standard,top,standard
21136,23,162.6315789473684,116.0,224.34782608695653,0.0,1140.0,top,standard,standard,low,top,low
21160,23,170.52631578947367,104.0,271.30434782608694,0.0,1620.0,top,standard,standard,standard,top,standard
21187,23,187.89473684210526,104.0,310.4347826086956,0.0,1860.0,top,standard,standard,standard,top,standard
21190,23,7122.631578947368,7308.0,6930.0,0.0,12240.0,top,top,top,top,top,top
21193,23,1294.7368421052631,1080.0,1472.608695652174,0.0,4980.0,top,high,high,high,top,high
21195,23,1634.2105263157894,1388.0,2064.782608695652,0.0,9810.0,top,top,top,top,top,top
21204,23,680.5263157894736,412.0,903.9130434782609,0.0,3990.0,top,high,high,high,top,high
21206,23,94.73684210526316,46.0,151.30434782608697,0.0,930.0,top,low,low,low,top,low
21211,23,1916.842105263158,1680.0,2337.391304347826,0.0,9630.0,top,top,top,top,top,top
21216,23,55.26315789473684,18.0,97.82608695652173,0.0,600.0,top,bottom,bottom,bottom,top,bottom
21218,23,382.10526315789474,210.0,600.0,0.0,4260.0,top,standard,standard,high,top,high
21230,23,91.57894736842105,54.0,125.21739130434783,0.0,600.0,top,low,low,low,top,bottom
21254,23,45.78947368421053,16.0,95.21739130434783,0.0,780.0,top,bottom,bottom,bottom,top,low
21324,23,110.52631578947368,68.0,165.65217391304347,0.0,990.0,top,low,low,low,top,low
21329,23,8760.0,9226.0,8346.521739130434,0.0,12930.0,top,top,top,top,top,top
21342,23,290.5263157894737,166.0,451.30434782608694,0.0,2970.0,top,standard,standard,standard,top,high
21410,23,353.6842105263158,244.0,433.04347826086956,0.0,1650.0,top,standard,standard,standard,top,standard
21414,23,459.4736842105263,400.0,542.6086956521739,0.0,2160.0,top,high,high,standard,top,standard
21416,23,1015.2631578947369,544.0,1396.9565217391305,0.0,6960.0,top,high,high,high,top,top
21420,23,211.57894736842104,138.0,296.0869565217391,0.0,1440.0,top,standard,standard,standard,top,low
21483,23,105.78947368421052,50.0,173.47826086956522,0.0,1140.0,top,low,low,low,top,low
21487,23,555.7894736842105,412.0,796.9565217391304,0.0,4440.0,top,high,high,high,top,high
21490,23,112.10526315789474,82.0,216.52173913043478,0.0,2130.0,top,low,low,low,top,standard
21499,23,126.3157894736842,46.0,236.08695652173913,0.0,1650.0,top,low,low,low,top,standard
21509,23,2371.5789473684213,2418.0,2456.086956521739,0.0,6300.0,top,top,top,top,top,high
21597,23,311.05263157894734,166.0,542.6086956521739,0.0,3660.0,top,standard,standard,standard,top,high
21602,23,82.10526315789474,48.0,144.7826086956522,0.0,1230.0,top,low,low,low,top,low
21603,23,10523.684210526315,10576.0,10953.91304347826,0.0,27240.0,top,top,top,top,top,top
21630,23,189.47368421052633,120.0,256.95652173913044,0.0,1290.0,top,standard,standard,standard,top,low
21644,23,66.3157894736842,32.0,147.3913043478261,0.0,1230.0,top,low,low,low,top,low
21659,23,66.3157894736842,36.0,106.95652173913044,0.0,690.0,top,low,low,low,top,bottom
21684,23,85.26315789473684,42.0,135.65217391304347,0.0,810.0,top,low,low,low,top,low
21685,23,1023.1578947368421,656.0,1421.7391304347825,0.0,6720.0,top,high,high,high,top,high
21688,23,7067.368421052632,6886.0,7246.95652173913,3750.0,12240.0,top,top,top,top,top,top
21689,23,137.3684210526316,68.0,243.91304347826087,0.0,1680.0,top,low,low,low,top,standard
21692,23,112.10526315789474,70.0,155.2173913043478,0.0,840.0,top,low,low,low,top,low
21710,23,382.10526315789474,264.0,526.9565217391304,0.0,2610.0,top,standard,high,standard,top,standard
21719,23,626.8421052631579,410.0,812.6086956521739,0.0,3540.0,top,high,high,high,top,high
21789,23,288.94736842105266,192.0,421.30434782608694,0.0,2250.0,top,standard,standard,standard,top,standard
21812,23,41.05263157894737,24.0,70.43478260869566,0.0,510.0,top,bottom,low,bottom,top,bottom
21829,23,822.6315789473684,568.0,1172.608695652174,0.0,6300.0,top,high,high,high,top,high
21837,23,135.78947368421052,86.0,236.08695652173913,0.0,1590.0,top,low,standard,low,top,standard
21845,23,202.10526315789474,140.0,262.17391304347825,0.0,1200.0,top,standard,standard,standard,top,low
21903,23,77.36842105263158,44.0,110.8695652173913,0.0,600.0,top,low,low,low,top,bottom
21936,23,600.0,524.0,676.9565217391304,0.0,2130.0,top,high,high,high,top,standard
21941,23,1402.1052631578948,1102.0,1636.9565217391305,0.0,5670.0,top,high,high,high,top,high
21942,23,211.57894736842104,100.0,350.8695652173913,0.0,2130.0,top,standard,standard,standard,top,standard
22011,23,4.7368421052631575,0.0,14.347826086956522,0.0,150.0,top,bottom,bottom,bottom,top,bottom
22018,23,750.0,564.0,935.2173913043479,0.0,3900.0,top,high,high,high,top,high
22083,23,165.78947368421052,110.0,242.6086956521739,0.0,1440.0,top,standard,standard,low,top,low
22168,23,227.3684210526316,122.0,349.5652173913044,0.0,1980.0,top,standard,standard,standard,top,standard
22188,23,374.2105263157895,250.0,489.1304347826087,0.0,2220.0,top,standard,high,standard,top,standard
22189,23,1.5789473684210527,0.0,19.565217391304348,0.0,360.0,top,bottom,bottom,bottom,top,bottom
22190,23,2638.4210526315787,2318.0,2898.2608695652175,0.0,8580.0,top,top,top,top,top,top
22197,23,173.68421052631578,114.0,251.7391304347826,0.0,1350.0,top,standard,standard,standard,top,low
22208,23,124.73684210526316,80.0,199.56521739130434,0.0,1230.0,top,low,low,low,top,low
22216,23,307.89473684210526,220.0,400.4347826086956,0.0,1830.0,top,standard,standard,standard,top,standard
22218,23,52.10526315789474,26.0,108.26086956521739,0.0,1050.0,top,bottom,low,low,top,low
22224,23,1651.578947368421,1644.0,1721.7391304347825,0.0,4560.0,top,top,top,high,top,high
22255,23,175.26315789473685,84.0,271.30434782608694,0.0,1470.0,top,standard,standard,standard,top,standard
22258,23,745.2631578947369,504.0,1057.8260869565217,0.0,5100.0,top,high,high,high,top,high
22279,23,47.36842105263158,20.0,169.56521739130434,0.0,1590.0,top,bottom,bottom,low,top,standard
22290,23,817.8947368421053,740.0,946.9565217391304,0.0,3210.0,top,high,high,high,top,high
22296,23,341.05263157894734,284.0,390.0,0.0,1290.0,top,standard,high,standard,top,low
22311,23,241.57894736842104,182.0,314.3478260869565,0.0,1410.0,top,standard,standard,standard,top,low
22320,23,3498.9473684210525,3540.0,3495.6521739130435,0.0,7170.0,top,top,top,top,top,top
22346,23,3219.4736842105262,2848.0,3603.913043478261,0.0,11550.0,top,top,top,top,top,top
22347,23,50.526315789473685,26.0,73.04347826086956,0.0,390.0,top,bottom,low,bottom,top,bottom
22348,23,127.89473684210526,74.0,183.91304347826087,0.0,1020.0,top,low,low,low,top,low
22363,23,101.05263157894737,50.0,173.47826086956522,0.0,1320.0,top,low,low,low,top,low
22502,23,314.2105263157895,188.0,466.95652173913044,0.0,2580.0,top,standard,standard,standard,top,standard
22506,23,97.89473684210526,26.0,193.04347826086956,0.0,1530.0,top,low,low,low,top,standard
22550,23,30.0,16.0,53.47826086956522,0.0,450.0,top,bottom,bottom,bottom,top,bottom
22559,23,331.57894736842104,228.0,498.2608695652174,0.0,3570.0,top,standard,standard,standard,top,high
22592,23,47.36842105263158,24.0,74.34782608695652,0.0,450.0,top,bottom,low,bottom,top,bottom
22635,23,271.57894736842104,180.0,393.9130434782609,0.0,2010.0,top,standard,standard,standard,top,standard
22643,23,1621.578947368421,1336.0,1963.0434782608695,0.0,7560.0,top,top,top,top,top,top
22646,23,740.5263157894736,500.0,1110.0,0.0,6780.0,top,high,high,high,top,top
22716,23,113.6842105263158,68.0,178.69565217391303,0.0,1050.0,top,low,low,low,top,low
22743,23,39.473684210526315,18.0,62.608695652173914,0.0,390.0,top,bottom,bottom,bottom,top,bottom
22767,23,56.8421052631579,28.0,104.34782608695652,0.0,690.0,top,low,low,bottom,top,bottom
22827,23,975.7894736842105,848.0,1134.7826086956522,0.0,4470.0,top,high,high,high,top,high
22830,23,48.94736842105263,18.0,96.52173913043478,0.0,660.0,top,bottom,bottom,bottom,top,bottom
2286,23,2142.6315789473683,1402.0,2765.217391304348,0.0,11940.0,top,top,top,top,top,top
22877,23,901.578947368421,708.0,1074.7826086956522,0.0,4050.0,top,high,high,high,top,high
22878,23,4.7368421052631575,0.0,69.1304347826087,0.0,930.0,top,bottom,bottom,bottom,top,low
22891,23,0.0,0.0,7.826086956521739,0.0,120.0,top,bottom,bottom,bottom,top,bottom
22899,23,134.21052631578948,74.0,195.65217391304347,0.0,1140.0,top,low,low,low,top,low
22980,23,7.894736842105263,0.0,24.782608695652176,0.0,270.0,top,bottom,bottom,bottom,top,bottom
23109,23,71.05263157894737,38.0,120.0,0.0,960.0,top,low,low,low,top,low
23218,23,52.10526315789474,20.0,142.17391304347825,0.0,1860.0,top,bottom,bottom,low,top,standard
23244,23,1.5789473684210527,0.0,6.521739130434782,0.0,60.0,top,bottom,bottom,bottom,top,bottom
23284,23,821.0526315789474,766.0,881.7391304347826,0.0,2460.0,top,high,high,high,top,standard
23291,23,426.3157894736842,320.0,643.0434782608696,0.0,4590.0,top,high,high,high,top,high
2331,23,0.0,0.0,2.608695652173913,0.0,60.0,top,bottom,bottom,bottom,top,bottom
23317,23,506.8421052631579,410.0,667.8260869565217,0.0,3150.0,top,high,high,high,top,high
23345,23,200.52631578947367,96.0,277.82608695652175,0.0,1290.0,top,standard,standard,standard,top,low
23346,23,86.84210526315789,64.0,159.1304347826087,0.0,1290.0,top,low,low,low,top,low
23353,23,314.2105263157895,184.0,421.30434782608694,0.0,2010.0,top,standard,standard,standard,top,standard
23423,23,12.631578947368421,4.0,28.695652173913043,0.0,300.0,top,bottom,bottom,bottom,top,bottom
23425,23,47.36842105263158,26.0,75.65217391304348,0.0,420.0,top,bottom,low,bottom,top,bottom
23426,23,145.26315789473685,60.0,203.47826086956522,0.0,990.0,top,low,low,low,top,low
23470,23,852.6315789473684,626.0,1201.304347826087,0.0,5880.0,top,high,high,high,top,high
23484,23,3.1578947368421053,0.0,7.826086956521739,0.0,60.0,top,bottom,bottom,bottom,top,bottom
23491,23,1.5789473684210527,0.0,13.043478260869565,0.0,240.0,top,bottom,bottom,bottom,top,bottom
23557,23,110.52631578947368,78.0,163.04347826086956,0.0,960.0,top,low,low,low,top,low
23561,23,307.89473684210526,180.0,420.0,0.0,2190.0,top,standard,standard,standard,top,standard
23618,23,443.6842105263158,266.0,1180.4347826086957,0.0,13590.0,top,high,high,high,top,top
23620,23,28.42105263157895,4.0,70.43478260869566,0.0,780.0,top,bottom,bottom,bottom,top,low
23626,23,645.7894736842105,288.0,1047.391304347826,0.0,6930.0,top,high,high,high,top,top
23767,23,112.10526315789474,60.0,211.30434782608697,0.0,1890.0,top,low,low,low,top,standard
23778,23,55.26315789473684,18.0,90.0,0.0,510.0,top,bottom,bottom,bottom,top,bottom
23793,23,12.631578947368421,4.0,40.43478260869565,0.0,420.0,top,bottom,bottom,bottom,top,bottom
23842,23,562.1052631578947,508.0,631.304347826087,0.0,1980.0,top,high,high,high,top,standard
23858,23,88.42105263157895,46.0,127.82608695652173,0.0,750.0,top,low,low,low,top,low
23983,23,5520.0,5182.0,5883.913043478261,0.0,16170.0,top,top,top,top,top,top
23987,23,0.0,0.0,5.217391304347826,0.0,60.0,top,bottom,bottom,bottom,top,bottom
24007,23,773.6842105263158,658.0,943.0434782608696,0.0,4290.0,top,high,high,high,top,high
24016,23,408.94736842105266,254.0,555.6521739130435,0.0,2580.0,top,high,high,high,top,standard
24024,23,563.6842105263158,406.0,722.6086956521739,0.0,3240.0,top,high,high,high,top,high
24036,23,696.3157894736842,510.0,855.6521739130435,0.0,3300.0,top,high,high,high,top,high
24209,23,34.73684210526316,10.0,105.65217391304348,0.0,930.0,top,bottom,bottom,bottom,top,low
24347,23,17.36842105263158,8.0,52.17391304347826,0.0,630.0,top,bottom,bottom,bottom,top,bottom
24356,23,0.0,0.0,3.9130434782608696,0.0,60.0,top,bottom,bottom,bottom,top,bottom
24357,23,72.63157894736842,50.0,104.34782608695652,0.0,570.0,top,low,low,bottom,top,bottom
24361,23,210.0,96.0,294.7826086956522,0.0,1440.0,top,standard,standard,standard,top,low
24363,23,71.05263157894737,34.0,164.34782608695653,0.0,1230.0,top,low,low,low,top,low
24375,23,36.31578947368421,18.0,65.21739130434783,0.0,420.0,top,bottom,bottom,bottom,top,bottom
24410,23,274.7368421052632,134.0,410.8695652173913,0.0,2280.0,top,standard,standard,standard,top,standard
24438,23,56.8421052631579,6.0,143.47826086956522,0.0,1260.0,top,low,bottom,low,top,low
24444,23,1.5789473684210527,0.0,15.652173913043478,0.0,300.0,top,bottom,bottom,bottom,top,bottom
24501,23,7.894736842105263,0.0,22.17391304347826,0.0,240.0,top,bottom,bottom,bottom,top,bottom
24507,23,235.26315789473685,130.0,396.5217391304348,0.0,2580.0,top,standard,standard,standard,top,standard
24576,23,9.473684210526315,0.0,71.73913043478261,0.0,1170.0,top,bottom,bottom,bottom,top,low
24577,23,3.1578947368421053,0.0,16.956521739130434,0.0,240.0,top,bottom,bottom,bottom,top,bottom
24618,23,34.73684210526316,0.0,78.26086956521739,0.0,600.0,top,bottom,bottom,bottom,top,bottom
24647,23,11.052631578947368,2.0,27.391304347826086,0.0,300.0,top,bottom,bottom,bottom,top,bottom
24652,23,45.78947368421053,14.0,87.3913043478261,0.0,630.0,top,bottom,bottom,bottom,top,bottom
24716,23,795.7894736842105,718.0,971.7391304347826,0.0,4050.0,top,high,high,high,top,high
24724,23,270.0,188.0,396.5217391304348,0.0,2460.0,top,standard,standard,standard,top,standard
24725,23,892.1052631578947,484.0,1458.2608695652175,0.0,8910.0,top,high,high,high,top,top
24860,23,11.052631578947368,4.0,24.782608695652176,0.0,240.0,top,bottom,bottom,bottom,top,bottom
249,23,587.3684210526316,328.0,802.1739130434783,0.0,3690.0,top,high,high,high,top,high
24956,23,0.0,0.0,19.565217391304348,0.0,360.0,top,bottom,bottom,bottom,top,bottom
24958,23,173.68421052631578,86.0,300.0,0.0,1860.0,top,standard,standard,standard,top,standard
24969,23,581.0526315789474,378.0,752.6086956521739,0.0,3270.0,top,high,high,high,top,high
24974,23,86.84210526315789,34.0,164.34782608695653,0.0,1320.0,top,low,low,low,top,low
25070,23,667.8947368421053,470.0,871.304347826087,0.0,3810.0,top,high,high,high,top,high
25072,23,262.10526315789474,158.0,391.30434782608694,0.0,2130.0,top,standard,standard,standard,top,standard
25074,23,369.4736842105263,210.0,515.2173913043479,0.0,2850.0,top,standard,standard,standard,top,standard
25148,23,486.3157894736842,332.0,605.2173913043479,0.0,2430.0,top,high,high,high,top,standard
25153,23,23.68421052631579,6.0,45.65217391304348,0.0,330.0,top,bottom,bottom,bottom,top,bottom
25158,23,58.421052631578945,14.0,142.17391304347825,0.0,1200.0,top,low,bottom,low,top,low
25162,23,429.4736842105263,222.0,603.9130434782609,0.0,3000.0,top,high,standard,high,top,high
25180,23,4874.210526315789,4462.0,5400.0,0.0,17100.0,top,top,top,top,top,top
25196,23,279.4736842105263,188.0,453.9130434782609,0.0,3090.0,top,standard,standard,standard,top,high
25265,23,930.0,640.0,1267.8260869565217,0.0,5820.0,top,high,high,high,top,high
25270,23,31.57894736842105,10.0,95.21739130434783,0.0,1050.0,top,bottom,bottom,bottom,top,low
25271,23,172.10526315789474,122.0,247.82608695652175,0.0,1320.0,top,standard,standard,low,top,low
25281,23,236.8421052631579,110.0,343.04347826086956,0.0,1890.0,top,standard,standard,standard,top,standard
25285,23,727.8947368421053,616.0,843.9130434782609,0.0,2940.0,top,high,high,high,top,high
25305,23,412.10526315789474,268.0,554.3478260869565,0.0,2520.0,top,high,high,standard,top,standard
25311,23,382.10526315789474,288.0,510.0,0.0,2280.0,top,standard,high,standard,top,standard
25322,23,522.6315789473684,292.0,761.7391304347826,0.0,3960.0,top,high,high,high,top,high
25425,23,23.68421052631579,6.0,48.26086956521739,0.0,360.0,top,bottom,bottom,bottom,top,bottom
25445,23,300.0,210.0,412.17391304347825,0.0,2130.0,top,standard,standard,standard,top,standard
25449,23,626.8421052631579,420.0,830.8695652173913,0.0,4080.0,top,high,high,high,top,high
25488,23,446.8421052631579,356.0,543.9130434782609,0.0,2130.0,top,high,high,standard,top,standard
25513,23,99.47368421052632,56.0,160.43478260869566,0.0,900.0,top,low,low,low,top,low
25517,23,75.78947368421052,44.0,143.47826086956522,0.0,960.0,top,low,low,low,top,low
25523,23,6.315789473684211,2.0,16.956521739130434,0.0,150.0,top,bottom,bottom,bottom,top,bottom
25528,23,30.0,4.0,63.91304347826087,0.0,570.0,top,bottom,bottom,bottom,top,bottom
2554,23,143.68421052631578,80.0,191.7391304347826,0.0,840.0,top,low,low,low,top,low
25590,23,18.94736842105263,10.0,46.95652173913044,0.0,360.0,top,bottom,bottom,bottom,top,bottom
25595,23,164.21052631578948,74.0,253.04347826086956,0.0,1410.0,top,standard,low,standard,top,low
25600,23,372.63157894736844,196.0,504.7826086956522,0.0,2310.0,top,standard,standard,standard,top,standard
25601,23,480.0,304.0,729.1304347826087,0.0,4830.0,top,high,high,high,top,high
25650,23,58.421052631578945,32.0,96.52173913043478,0.0,600.0,top,low,low,bottom,top,bottom
2566,23,2622.6315789473683,2514.0,2932.1739130434785,0.0,8880.0,top,top,top,top,top,top
25700,23,192.6315789473684,64.0,332.60869565217394,0.0,2190.0,top,standard,low,standard,top,standard
25755,23,3.1578947368421053,0.0,27.391304347826086,0.0,390.0,top,bottom,bottom,bottom,top,bottom
25760,23,25.263157894736842,2.0,73.04347826086956,0.0,600.0,top,bottom,bottom,bottom,top,bottom
25770,23,67.89473684210526,42.0,110.8695652173913,0.0,780.0,top,low,low,low,top,low
2581,23,45.78947368421053,16.0,90.0,0.0,690.0,top,bottom,bottom,bottom,top,bottom
25858,23,91.57894736842105,62.0,127.82608695652173,0.0,690.0,top,low,low,low,top,bottom
25862,23,26.842105263157894,16.0,60.0,0.0,480.0,top,bottom,bottom,bottom,top,bottom
25864,23,107.36842105263158,52.0,219.1304347826087,0.0,1800.0,top,low,low,low,top,standard
25869,23,17.36842105263158,8.0,120.0,0.0,2250.0,top,bottom,bottom,low,top,standard
25891,23,107.36842105263158,56.0,165.65217391304347,0.0,960.0,top,low,low,low,top,low
25922,23,37.89473684210526,16.0,79.56521739130434,0.0,690.0,top,bottom,bottom,bottom,top,bottom
25927,23,468.94736842105266,278.0,713.4782608695652,0.0,3840.0,top,high,high,high,top,high
25983,23,145.26315789473685,94.0,216.52173913043478,0.0,1260.0,top,low,standard,low,top,low
25992,23,9.473684210526315,4.0,23.47826086956522,0.0,300.0,top,bottom,bottom,bottom,top,bottom
26085,23,1763.6842105263158,1456.0,2180.8695652173915,0.0,8400.0,top,top,top,top,top,top
26095,23,743.6842105263158,472.0,1110.0,0.0,5970.0,top,high,high,high,top,high
26166,23,78.94736842105263,48.0,106.95652173913044,0.0,510.0,top,low,low,low,top,bottom
26172,23,93.15789473684211,52.0,185.2173913043478,0.0,1830.0,top,low,low,low,top,standard
26193,23,78.94736842105263,54.0,100.43478260869566,0.0,420.0,top,low,low,bottom,top,bottom
26197,23,183.1578947368421,56.0,314.3478260869565,0.0,2010.0,top,standard,low,standard,top,standard
26307,23,173.68421052631578,118.0,229.56521739130434,0.0,1050.0,top,standard,standard,low,top,low
26365,23,83.6842105263158,46.0,135.65217391304347,0.0,930.0,top,low,low,low,top,low
26372,23,263.6842105263158,170.0,357.39130434782606,0.0,1860.0,top,standard,standard,standard,top,standard
26405,23,265.2631578947368,178.0,378.2608695652174,0.0,2310.0,top,standard,standard,standard,top,standard
26407,23,91.57894736842105,32.0,168.2608695652174,0.0,1170.0,top,low,low,low,top,low
26417,23,3.1578947368421053,0.0,46.95652173913044,0.0,900.0,top,bottom,bottom,bottom,top,low
26477,23,96.3157894736842,58.0,127.82608695652173,0.0,570.0,top,low,low,low,top,bottom
26573,23,34.73684210526316,2.0,71.73913043478261,0.0,540.0,top,bottom,bottom,bottom,top,bottom
26665,23,31.57894736842105,12.0,103.04347826086956,0.0,900.0,top,bottom,bottom,bottom,top,low
26706,23,396.3157894736842,328.0,483.9130434782609,0.0,1950.0,top,standard,high,standard,top,standard
26707,23,113.6842105263158,56.0,168.2608695652174,0.0,900.0,top,low,low,low,top,low
26709,23,300.0,282.0,332.60869565217394,0.0,1140.0,top,standard,high,standard,top,low
26710,23,331.57894736842104,202.0,457.82608695652175,0.0,2340.0,top,standard,standard,standard,top,standard
26712,23,123.15789473684211,76.0,180.0,0.0,1020.0,top,low,low,low,top,low
26713,23,2892.6315789473683,2526.0,3245.217391304348,0.0,10140.0,top,top,top,top,top,top
26715,23,118.42105263157895,84.0,176.08695652173913,0.0,1200.0,top,low,standard,low,top,low
26718,23,33.1578947368421,16.0,49.56521739130435,0.0,300.0,top,bottom,bottom,bottom,top,bottom
26722,23,168.94736842105263,62.0,279.1304347826087,0.0,1650.0,top,standard,low,standard,top,standard
26725,23,67.89473684210526,44.0,106.95652173913044,0.0,810.0,top,low,low,low,top,low
2674,23,637.8947368421053,406.0,889.5652173913044,0.0,4410.0,top,high,high,high,top,high
2675,23,58.421052631578945,32.0,100.43478260869566,0.0,600.0,top,low,low,bottom,top,bottom
26804,23,15.789473684210526,0.0,67.82608695652173,0.0,660.0,top,bottom,bottom,bottom,top,bottom
26816,23,15.789473684210526,6.0,45.65217391304348,0.0,510.0,top,bottom,bottom,bottom,top,bottom
26828,23,701.0526315789474,660.0,777.3913043478261,0.0,2640.0,top,high,high,high,top,standard
26859,23,442.10526315789474,284.0,624.7826086956521,0.0,3330.0,top,high,high,high,top,high
26880,23,17.36842105263158,0.0,62.608695652173914,0.0,660.0,top,bottom,bottom,bottom,top,bottom
26884,23,314.2105263157895,146.0,487.82608695652175,0.0,2760.0,top,standard,standard,standard,top,standard
26900,23,402.63157894736844,270.0,555.6521739130435,0.0,3180.0,top,standard,high,high,top,high
26906,23,0.0,0.0,2.608695652173913,0.0,60.0,top,bottom,bottom,bottom,top,bottom
26933,23,113.6842105263158,62.0,169.56521739130434,0.0,930.0,top,low,low,low,top,low
26970,23,18.94736842105263,8.0,35.21739130434783,0.0,300.0,top,bottom,bottom,bottom,top,bottom
26999,23,1248.9473684210527,910.0,1541.7391304347825,0.0,5910.0,top,high,high,high,top,high
27053,23,393.1578947368421,252.0,495.6521739130435,0.0,2040.0,top,standard,high,standard,top,standard
27056,23,14.210526315789474,0.0,40.43478260869565,0.0,420.0,top,bottom,bottom,bottom,top,bottom
27059,23,44238.94736842105,44532.0,43972.17391304348,11670.0,76530.0,top,top,top,top,top,top
27064,23,6123.1578947368425,5046.0,7296.521739130435,0.0,27450.0,top,top,top,top,top,top
27068,23,97.89473684210526,56.0,142.17391304347825,0.0,720.0,top,low,low,low,top,bottom
27069,23,14311.578947368422,13802.0,15003.91304347826,0.0,36690.0,top,top,top,top,top,top
27073,23,3678.9473684210525,3640.0,3817.8260869565215,0.0,9570.0,top,top,top,top,top,top
27076,23,424.7368421052632,226.0,682.1739130434783,0.0,3900.0,top,high,standard,high,top,high
27081,23,6255.789473684211,6266.0,6485.217391304348,0.0,15990.0,top,top,top,top,top,top
27085,23,832.1052631578947,764.0,901.304347826087,0.0,2520.0,top,high,high,high,top,standard
27185,23,1482.6315789473683,1080.0,2086.9565217391305,0.0,11700.0,top,high,high,top,top,top
27194,23,16056.315789473685,15560.0,16977.391304347828,0.0,47070.0,top,top,top,top,top,top
27195,23,262.10526315789474,180.0,401.7391304347826,0.0,2850.0,top,standard,standard,standard,top,standard
27196,23,757.8947368421053,550.0,1009.5652173913044,0.0,4860.0,top,high,high,high,top,high
27198,23,66.3157894736842,36.0,116.08695652173913,0.0,780.0,top,low,low,low,top,low
27204,23,112.10526315789474,76.0,182.6086956521739,0.0,1050.0,top,low,low,low,top,low
27213,23,121.57894736842105,72.0,181.30434782608697,0.0,1020.0,top,low,low,low,top,low
27231,23,11.052631578947368,2.0,31.304347826086957,0.0,330.0,top,bottom,bottom,bottom,top,bottom
27258,23,26.842105263157894,14.0,48.26086956521739,0.0,330.0,top,bottom,bottom,bottom,top,bottom
27259,23,307.89473684210526,154.0,465.6521739130435,0.0,2880.0,top,standard,standard,standard,top,standard
27269,23,238.42105263157896,128.0,352.17391304347825,0.0,1980.0,top,standard,standard,standard,top,standard
27272,23,101.05263157894737,44.0,156.52173913043478,0.0,990.0,top,low,low,low,top,low
27310,23,159.47368421052633,86.0,246.52173913043478,0.0,1590.0,top,low,standard,low,top,standard
27317,23,1479.4736842105262,1334.0,1638.2608695652175,0.0,4800.0,top,high,top,high,top,high
27332,23,298.42105263157896,184.0,413.4782608695652,0.0,2250.0,top,standard,standard,standard,top,standard
27337,23,1882.1052631578948,1774.0,2025.6521739130435,0.0,6090.0,top,top,top,top,top,high
27383,23,1029.4736842105262,970.0,1124.3478260869565,0.0,3180.0,top,high,high,high,top,high
27390,23,138.94736842105263,78.0,206.08695652173913,0.0,1290.0,top,low,low,low,top,low
27394,23,252.6315789473684,140.0,386.0869565217391,0.0,2130.0,top,standard,standard,standard,top,standard
27448,23,85.26315789473684,54.0,122.6086956521739,0.0,660.0,top,low,low,low,top,bottom
27461,23,7.894736842105263,2.0,23.47826086956522,0.0,300.0,top,bottom,bottom,bottom,top,bottom
27492,23,69.47368421052632,26.0,152.6086956521739,0.0,1290.0,top,low,low,low,top,low
27504,23,1048.421052631579,950.0,1175.2173913043478,0.0,3660.0,top,high,high,high,top,high
27507,23,180.0,102.0,275.2173913043478,0.0,1650.0,top,standard,standard,standard,top,standard
27597,23,2881.5789473684213,2442.0,3309.1304347826085,0.0,10920.0,top,top,top,top,top,top
27606,23,170.52631578947367,76.0,289.5652173913044,0.0,1770.0,top,standard,low,standard,top,standard
27618,23,115.26315789473684,90.0,177.3913043478261,0.0,960.0,top,low,standard,low,top,low
27623,23,77.36842105263158,30.0,121.30434782608695,0.0,660.0,top,low,low,low,top,bottom
27711,23,200.52631578947367,126.0,280.4347826086956,0.0,1320.0,top,standard,standard,standard,top,low
27774,23,277.89473684210526,50.0,478.69565217391306,0.0,3030.0,top,standard,low,standard,top,high
27777,23,112.10526315789474,66.0,174.7826086956522,0.0,1200.0,top,low,low,low,top,low
27780,23,64.73684210526316,32.0,105.65217391304348,0.0,630.0,top,low,low,bottom,top,bottom
27790,23,535.2631578947369,506.0,602.6086956521739,0.0,2190.0,top,high,high,high,top,standard
27794,23,118.42105263157895,46.0,275.2173913043478,0.0,2700.0,top,low,low,standard,top,standard
27813,23,415.2631578947368,248.0,669.1304347826087,0.0,3900.0,top,high,standard,high,top,high
27816,23,184.73684210526315,88.0,324.7826086956522,0.0,2190.0,top,standard,standard,standard,top,standard
27823,23,75.78947368421052,44.0,164.34782608695653,0.0,1560.0,top,low,low,low,top,standard
27826,23,189.47368421052633,130.0,243.91304347826087,0.0,1050.0,top,standard,standard,low,top,low
27830,23,11.052631578947368,2.0,37.82608695652174,0.0,360.0,top,bottom,bottom,bottom,top,bottom
27916,23,498.94736842105266,346.0,660.0,0.0,3030.0,top,high,high,high,top,high
27921,23,12.631578947368421,0.0,36.52173913043478,0.0,300.0,top,bottom,bottom,bottom,top,bottom
27954,23,30.0,18.0,121.30434782608695,0.0,1140.0,top,bottom,bottom,low,top,low
27996,23,67.89473684210526,46.0,133.04347826086956,0.0,1170.0,top,low,low,low,top,low
28076,23,74.21052631578948,42.0,122.6086956521739,0.0,930.0,top,low,low,low,top,low
28113,23,64.73684210526316,44.0,97.82608695652173,0.0,630.0,top,low,low,bottom,top,bottom
28116,23,178.42105263157896,100.0,281.7391304347826,0.0,1710.0,top,standard,standard,standard,top,standard
28128,23,101.05263157894737,46.0,224.34782608695653,0.0,2280.0,top,low,low,low,top,standard
28132,23,96.3157894736842,68.0,127.82608695652173,0.0,660.0,top,low,low,low,top,bottom
28153,23,336.3157894736842,182.0,506.0869565217391,0.0,2640.0,top,standard,standard,standard,top,standard
28166,23,50.526315789473685,14.0,97.82608695652173,0.0,690.0,top,bottom,bottom,bottom,top,bottom
282,23,67.89473684210526,32.0,125.21739130434783,0.0,1170.0,top,low,low,low,top,low
28245,23,333.1578947368421,180.0,542.6086956521739,0.0,3750.0,top,standard,standard,standard,top,high
28351,23,66.3157894736842,24.0,133.04347826086956,0.0,900.0,top,low,low,low,top,low
28427,23,45.78947368421053,20.0,125.21739130434783,0.0,1050.0,top,bottom,bottom,low,top,low
28530,23,502.10526315789474,292.0,690.0,0.0,3180.0,top,high,high,high,top,high
28535,23,288.94736842105266,196.0,404.3478260869565,0.0,2460.0,top,standard,standard,standard,top,standard
28538,23,4.7368421052631575,0.0,15.652173913043478,0.0,210.0,top,bottom,bottom,bottom,top,bottom
28595,23,3.1578947368421053,0.0,22.17391304347826,0.0,390.0,top,bottom,bottom,bottom,top,bottom
28627,23,1.5789473684210527,0.0,5.217391304347826,0.0,60.0,top,bottom,bottom,bottom,top,bottom
28634,23,0.0,0.0,3.9130434782608696,0.0,60.0,top,bottom,bottom,bottom,top,bottom
28659,23,176.8421052631579,72.0,339.1304347826087,0.0,2550.0,top,standard,low,standard,top,standard
28669,23,222.6315789473684,144.0,293.4782608695652,0.0,1320.0,top,standard,standard,standard,top,low
28673,23,416.8421052631579,302.0,520.4347826086956,0.0,2280.0,top,high,high,standard,top,standard
28718,23,154.73684210526315,108.0,313.04347826086956,0.0,2250.0,top,low,standard,standard,top,standard
28721,23,12.631578947368421,0.0,49.56521739130435,0.0,630.0,top,bottom,bottom,bottom,top,bottom
28739,23,6.315789473684211,0.0,26.08695652173913,0.0,330.0,top,bottom,bottom,bottom,top,bottom
28787,23,1915.2631578947369,1558.0,2336.086956521739,0.0,9360.0,top,top,top,top,top,top
28804,23,99.47368421052632,56.0,163.04347826086956,0.0,1020.0,top,low,low,low,top,low
28827,23,468.94736842105266,322.0,616.9565217391304,0.0,2940.0,top,high,high,high,top,high
28829,23,205.26315789473685,128.0,293.4782608695652,0.0,1740.0,top,standard,standard,standard,top,standard
28882,23,770.5263157894736,512.0,974.3478260869565,0.0,3900.0,top,high,high,high,top,high
28905,23,96.3157894736842,54.0,146.08695652173913,0.0,780.0,top,low,low,low,top,low
28908,23,80.52631578947368,38.0,147.3913043478261,0.0,1230.0,top,low,low,low,top,low
28910,23,213.1578947368421,110.0,307.82608695652175,0.0,1530.0,top,standard,standard,standard,top,standard
29004,23,1157.3684210526317,964.0,1394.3478260869565,0.0,5940.0,top,high,high,high,top,high
29008,23,10632.631578947368,10360.0,11110.434782608696,0.0,29730.0,top,top,top,top,top,top
29015,23,23.68421052631579,10.0,48.26086956521739,0.0,420.0,top,bottom,bottom,bottom,top,bottom
29020,23,97.89473684210526,66.0,186.52173913043478,0.0,1740.0,top,low,low,low,top,standard
29030,23,2218.4210526315787,2210.0,2255.217391304348,0.0,5010.0,top,top,top,top,top,high
29173,23,813.1578947368421,732.0,986.0869565217391,0.0,4110.0,top,high,high,high,top,high
29228,23,135.78947368421052,90.0,176.08695652173913,0.0,750.0,top,low,standard,low,top,low
29273,23,22.105263157894736,8.0,50.869565217391305,0.0,420.0,top,bottom,bottom,bottom,top,bottom
29278,23,273.1578947368421,172.0,395.2173913043478,0.0,2100.0,top,standard,standard,standard,top,standard
29295,23,300.0,164.0,468.2608695652174,0.0,2550.0,top,standard,standard,standard,top,standard
29298,23,88.42105263157895,52.0,130.43478260869566,0.0,690.0,top,low,low,low,top,bottom
29378,23,30.0,20.0,40.43478260869565,0.0,180.0,top,bottom,bottom,bottom,top,bottom
29395,23,318.94736842105266,222.0,414.7826086956522,0.0,1950.0,top,standard,standard,standard,top,standard
29427,23,511.57894736842104,254.0,802.1739130434783,0.0,5190.0,top,high,high,high,top,high
29440,23,197.3684210526316,122.0,276.5217391304348,0.0,1380.0,top,standard,standard,standard,top,low
29442,23,154.73684210526315,92.0,273.9130434782609,0.0,2460.0,top,low,standard,standard,top,standard
29451,23,331.57894736842104,236.0,433.04347826086956,0.0,2280.0,top,standard,standard,standard,top,standard
29483,23,1050.0,990.0,1149.1304347826087,0.0,3270.0,top,high,high,high,top,high
29569,23,1.5789473684210527,0.0,7.826086956521739,0.0,90.0,top,bottom,bottom,bottom,top,bottom
29594,23,236.8421052631579,86.0,504.7826086956522,0.0,5010.0,top,standard,standard,standard,top,high
29617,23,23.68421052631579,4.0,76.95652173913044,0.0,720.0,top,bottom,bottom,bottom,top,bottom
29632,23,265.2631578947368,146.0,422.60869565217394,0.0,2970.0,top,standard,standard,standard,top,high
29679,23,42.63157894736842,14.0,113.47826086956522,0.0,1200.0,top,bottom,bottom,low,top,low
29699,23,208.42105263157896,144.0,264.7826086956522,0.0,1110.0,top,standard,standard,standard,top,low
29701,23,187.89473684210526,98.0,303.9130434782609,0.0,2130.0,top,standard,standard,standard,top,standard
29703,23,11.052631578947368,2.0,63.91304347826087,0.0,870.0,top,bottom,bottom,bottom,top,low
29768,23,2365.2631578947367,2268.0,2504.3478260869565,0.0,6450.0,top,top,top,top,top,high
29807,23,112.10526315789474,48.0,258.2608695652174,0.0,2730.0,top,low,low,standard,top,standard
29843,23,203.68421052631578,90.0,323.4782608695652,0.0,1830.0,top,standard,standard,standard,top,standard
29850,23,146.8421052631579,100.0,215.2173913043478,0.0,1410.0,top,low,standard,low,top,low
29858,23,93.15789473684211,40.0,135.65217391304347,0.0,690.0,top,low,low,low,top,bottom
29859,23,120.0,72.0,190.43478260869566,0.0,1410.0,top,low,low,low,top,low
29869,23,3972.6315789473683,3850.0,4167.391304347826,0.0,11220.0,top,top,top,top,top,top
29873,23,63.1578947368421,28.0,106.95652173913044,0.0,750.0,top,low,low,low,top,low
29875,23,3063.157894736842,3026.0,3157.8260869565215,0.0,7710.0,top,top,top,top,top,top
29880,23,416.8421052631579,348.0,485.2173913043478,0.0,1860.0,top,high,high,standard,top,standard
29884,23,14235.78947368421,14162.0,13976.08695652174,0.0,26070.0,top,top,top,top,top,top
29903,23,96.3157894736842,44.0,232.17391304347825,0.0,2250.0,top,low,low,low,top,standard
29916,23,312.63157894736844,168.0,487.82608695652175,0.0,3180.0,top,standard,standard,standard,top,high
29923,23,191.05263157894737,130.0,323.4782608695652,0.0,2400.0,top,standard,standard,standard,top,standard
29927,23,164.21052631578948,88.0,256.95652173913044,0.0,1560.0,top,standard,standard,standard,top,standard
29959,23,164.21052631578948,118.0,224.34782608695653,0.0,1080.0,top,standard,standard,low,top,low
29972,23,290.5263157894737,178.0,422.60869565217394,0.0,2130.0,top,standard,standard,standard,top,standard
29975,23,129.47368421052633,70.0,194.34782608695653,0.0,1200.0,top,low,low,low,top,low
29980,23,426.3157894736842,260.0,581.7391304347826,0.0,2910.0,top,high,high,high,top,high
29995,23,45.78947368421053,28.0,78.26086956521739,0.0,510.0,top,bottom,low,bottom,top,bottom
30006,23,235.26315789473685,230.0,275.2173913043478,0.0,1200.0,top,standard,standard,standard,top,low
30072,23,23.68421052631579,4.0,86.08695652173913,0.0,1200.0,top,bottom,bottom,bottom,top,low
30148,23,77.36842105263158,46.0,103.04347826086956,0.0,510.0,top,low,low,bottom,top,bottom
30151,23,304.7368421052632,220.0,395.2173913043478,0.0,1710.0,top,standard,standard,standard,top,standard
30182,23,3055.2631578947367,2958.0,3333.913043478261,0.0,10350.0,top,top,top,top,top,top
30196,23,88.42105263157895,42.0,165.65217391304347,0.0,1110.0,top,low,low,low,top,low
30214,23,262.10526315789474,178.0,383.4782608695652,0.0,2400.0,top,standard,standard,standard,top,standard
30227,23,31.57894736842105,4.0,73.04347826086956,0.0,750.0,top,bottom,bottom,bottom,top,low
30229,23,623.6842105263158,380.0,825.6521739130435,0.0,3660.0,top,high,high,high,top,high
30283,23,720.0,650.0,829.5652173913044,0.0,2910.0,top,high,high,high,top,high
30309,23,309.4736842105263,166.0,442.17391304347825,0.0,2280.0,top,standard,standard,standard,top,standard
30314,23,7.894736842105263,2.0,11.73913043478261,0.0,60.0,top,bottom,bottom,bottom,top,bottom
30327,23,56.8421052631579,22.0,87.3913043478261,0.0,510.0,top,low,bottom,bottom,top,bottom
30332,23,88.42105263157895,46.0,163.04347826086956,0.0,1170.0,top,low,low,low,top,low
30333,23,14.210526315789474,4.0,44.34782608695652,0.0,450.0,top,bottom,bottom,bottom,top,bottom
30335,23,30.0,12.0,52.17391304347826,0.0,390.0,top,bottom,bottom,bottom,top,bottom
30348,23,510.0,328.0,650.8695652173913,0.0,2790.0,top,high,high,high,top,standard
30351,23,175.26315789473685,126.0,226.95652173913044,0.0,990.0,top,standard,standard,low,top,low
30353,23,7.894736842105263,4.0,18.26086956521739,0.0,210.0,top,bottom,bottom,bottom,top,bottom
30423,23,600.0,360.0,855.6521739130435,0.0,4470.0,top,high,high,high,top,high
30429,23,94.73684210526316,62.0,127.82608695652173,0.0,570.0,top,low,low,low,top,bottom
30440,23,2027.3684210526317,1924.0,2166.521739130435,0.0,6240.0,top,top,top,top,top,high
30456,23,355.2631578947368,254.0,506.0869565217391,0.0,2520.0,top,standard,high,standard,top,standard
30458,23,481.57894736842104,308.0,842.6086956521739,0.0,5400.0,top,high,high,high,top,high
30472,23,438.94736842105266,362.0,568.695652173913,0.0,2910.0,top,high,high,high,top,high
30478,23,443.6842105263158,212.0,699.1304347826087,0.0,4200.0,top,high,standard,high,top,high
30499,23,116.84210526315789,56.0,229.56521739130434,0.0,1800.0,top,low,low,low,top,standard
30506,23,66.3157894736842,30.0,106.95652173913044,0.0,720.0,top,low,low,low,top,bottom
30518,23,180.0,116.0,245.2173913043478,0.0,1260.0,top,standard,standard,low,top,low
30522,23,431.05263157894734,280.0,673.0434782608696,0.0,4440.0,top,high,high,high,top,high
30528,23,31.57894736842105,12.0,73.04347826086956,0.0,690.0,top,bottom,bottom,bottom,top,bottom
30571,23,162.6315789473684,96.0,240.0,0.0,1290.0,top,standard,standard,low,top,low
30590,23,1037.3684210526317,746.0,1284.7826086956522,0.0,5190.0,top,high,high,high,top,high
30606,23,16185.78947368421,15992.0,16454.347826086956,6810.0,29370.0,top,top,top,top,top,top
30620,23,154.73684210526315,62.0,301.30434782608694,0.0,2670.0,top,low,low,standard,top,standard
30644,23,614.2105263157895,458.0,876.5217391304348,0.0,4350.0,top,high,high,high,top,high
30659,23,150.0,98.0,223.04347826086956,0.0,1290.0,top,low,standard,low,top,low
30680,23,295.2631578947368,162.0,464.3478260869565,0.0,3360.0,top,standard,standard,standard,top,high
30724,23,90.0,56.0,134.34782608695653,0.0,870.0,top,low,low,low,top,low
30732,23,64.73684210526316,28.0,130.43478260869566,0.0,1230.0,top,low,low,low,top,low
30734,23,75.78947368421052,26.0,165.65217391304347,0.0,1230.0,top,low,low,low,top,low
3075,23,0.0,0.0,16.956521739130434,0.0,390.0,top,bottom,bottom,bottom,top,bottom
30756,23,527.3684210526316,488.0,568.695652173913,0.0,1620.0,top,high,high,high,top,standard
30758,23,1462.1052631578948,1290.0,1713.9130434782608,0.0,6450.0,top,high,top,high,top,high
30770,23,4488.9473684210525,4476.0,4420.434782608696,690.0,7350.0,top,top,top,top,top,top
30776,23,694.7368421052631,644.0,821.7391304347826,0.0,2850.0,top,high,high,high,top,standard
30786,23,427.89473684210526,376.0,526.9565217391304,0.0,2520.0,top,high,high,standard,top,standard
30791,23,1.5789473684210527,0.0,45.65217391304348,0.0,840.0,top,bottom,bottom,bottom,top,low
30800,23,484.7368421052632,284.0,696.5217391304348,0.0,3870.0,top,high,high,high,top,high
30819,23,197.3684210526316,114.0,332.60869565217394,0.0,2160.0,top,standard,standard,standard,top,standard
30838,23,26.842105263157894,10.0,58.69565217391305,0.0,540.0,top,bottom,bottom,bottom,top,bottom
30858,23,7.894736842105263,0.0,23.47826086956522,0.0,300.0,top,bottom,bottom,bottom,top,bottom
30864,23,1721.0526315789473,1662.0,1861.304347826087,0.0,5340.0,top,top,top,top,top,high
30877,23,69.47368421052632,32.0,109.56521739130434,0.0,660.0,top,low,low,low,top,bottom
30882,23,134.21052631578948,90.0,190.43478260869566,0.0,1050.0,top,low,standard,low,top,low
30894,23,330.0,200.0,590.8695652173913,0.0,4470.0,top,standard,standard,high,top,high
30905,23,33.1578947368421,6.0,61.30434782608695,0.0,480.0,top,bottom,bottom,bottom,top,bottom
30955,23,219.47368421052633,102.0,335.2173913043478,0.0,1920.0,top,standard,standard,standard,top,standard
30959,23,48.94736842105263,22.0,95.21739130434783,0.0,840.0,top,bottom,bottom,bottom,top,low
30991,23,107.36842105263158,54.0,161.7391304347826,0.0,1020.0,top,low,low,low,top,low
30995,23,360.0,310.0,429.1304347826087,0.0,1530.0,top,standard,high,standard,top,standard
31018,23,516.3157894736842,338.0,733.0434782608696,0.0,4140.0,top,high,high,high,top,high
31112,23,227.3684210526316,142.0,369.1304347826087,0.0,2460.0,top,standard,standard,standard,top,standard
31186,23,25.263157894736842,6.0,48.26086956521739,0.0,330.0,top,bottom,bottom,bottom,top,bottom
31215,23,0.0,0.0,43.04347826086956,0.0,660.0,top,bottom,bottom,bottom,top,bottom
31244,23,0.0,0.0,7.826086956521739,0.0,120.0,top,bottom,bottom,bottom,top,bottom
31255,23,2046.3157894736842,1452.0,2864.3478260869565,0.0,15450.0,top,top,top,top,top,top
31257,23,342.63157894736844,178.0,503.4782608695652,0.0,2610.0,top,standard,standard,standard,top,standard
31258,23,148.42105263157896,48.0,263.4782608695652,0.0,2040.0,top,low,low,standard,top,standard
31270,23,75.78947368421052,42.0,116.08695652173913,0.0,690.0,top,low,low,low,top,bottom
31289,23,270.0,182.0,344.3478260869565,0.0,1440.0,top,standard,standard,standard,top,low
31290,23,26.842105263157894,6.0,53.47826086956522,0.0,390.0,top,bottom,bottom,bottom,top,bottom
31322,23,7283.684210526316,7092.0,7567.826086956522,0.0,18000.0,top,top,top,top,top,top
31376,23,694.7368421052631,386.0,1051.304347826087,0.0,5910.0,top,high,high,high,top,high
31401,23,41.05263157894737,22.0,71.73913043478261,0.0,480.0,top,bottom,bottom,bottom,top,bottom
31440,23,228.94736842105263,96.0,401.7391304347826,0.0,2700.0,top,standard,standard,standard,top,standard
31441,23,17.36842105263158,6.0,49.56521739130435,0.0,540.0,top,bottom,bottom,bottom,top,bottom
31527,23,2387.3684210526317,2286.0,2637.391304347826,0.0,9330.0,top,top,top,top,top,top
31547,23,1631.0526315789473,1314.0,1853.4782608695652,0.0,5820.0,top,top,top,high,top,high
31553,23,549.4736842105264,370.0,692.6086956521739,0.0,2760.0,top,high,high,high,top,standard
31583,23,937.8947368421053,484.0,1280.8695652173913,0.0,5910.0,top,high,high,high,top,high
31660,23,77.36842105263158,10.0,187.82608695652175,0.0,1620.0,top,low,bottom,low,top,standard
31711,23,251.05263157894737,138.0,371.7391304347826,0.0,2220.0,top,standard,standard,standard,top,standard
31737,23,69.47368421052632,30.0,108.26086956521739,0.0,600.0,top,low,low,low,top,bottom
31743,23,77.36842105263158,26.0,160.43478260869566,0.0,1200.0,top,low,low,low,top,low
31751,23,20.526315789473685,8.0,62.608695652173914,0.0,780.0,top,bottom,bottom,bottom,top,low
31763,23,36.31578947368421,16.0,71.73913043478261,0.0,570.0,top,bottom,bottom,bottom,top,bottom
31816,23,61.578947368421055,32.0,92.6086956521739,0.0,510.0,top,low,low,bottom,top,bottom
31818,23,794.2105263157895,670.0,907.8260869565217,0.0,3090.0,top,high,high,high,top,high
31819,23,165.78947368421052,72.0,285.6521739130435,0.0,1770.0,top,standard,low,standard,top,standard
31838,23,20.526315789473685,10.0,46.95652173913044,0.0,480.0,top,bottom,bottom,bottom,top,bottom
31848,23,88.42105263157895,52.0,131.7391304347826,0.0,750.0,top,low,low,low,top,low
31865,23,268.42105263157896,186.0,367.82608695652175,0.0,1830.0,top,standard,standard,standard,top,standard
31866,23,145.26315789473685,82.0,254.34782608695653,0.0,1860.0,top,low,low,standard,top,standard
31886,23,311.05263157894734,248.0,378.2608695652174,0.0,1680.0,top,standard,standard,standard,top,standard
31887,23,1.5789473684210527,0.0,16.956521739130434,0.0,270.0,top,bottom,bottom,bottom,top,bottom
31889,23,337.89473684210526,302.0,386.0869565217391,0.0,1290.0,top,standard,high,standard,top,low
31900,23,0.0,0.0,24.782608695652176,0.0,420.0,top,bottom,bottom,bottom,top,bottom
31914,23,330.0,174.0,571.304347826087,0.0,3540.0,top,standard,standard,high,top,high
31923,23,661.578947368421,458.0,911.7391304347826,0.0,5430.0,top,high,high,high,top,high
31971,23,202.10526315789474,120.0,310.4347826086956,0.0,1920.0,top,standard,standard,standard,top,standard
31983,23,328.42105263157896,170.0,456.5217391304348,0.0,2250.0,top,standard,standard,standard,top,standard
31993,23,9.473684210526315,0.0,31.304347826086957,0.0,300.0,top,bottom,bottom,bottom,top,bottom
32005,23,131.05263157894737,54.0,229.56521739130434,0.0,1470.0,top,low,low,low,top,standard
32007,23,3.1578947368421053,0.0,13.043478260869565,0.0,150.0,top,bottom,bottom,bottom,top,bottom
32012,23,271.57894736842104,30.0,567.3913043478261,0.0,4350.0,top,standard,low,high,top,high
32040,23,3.1578947368421053,0.0,6.521739130434782,0.0,60.0,top,bottom,bottom,bottom,top,bottom
32077,23,1762.1052631578948,1550.0,1936.9565217391305,0.0,5640.0,top,top,top,top,top,high
32120,23,3.1578947368421053,0.0,28.695652173913043,0.0,390.0,top,bottom,bottom,bottom,top,bottom
32126,23,0.0,0.0,41.73913043478261,0.0,600.0,top,bottom,bottom,bottom,top,bottom
32137,23,86.84210526315789,30.0,148.69565217391303,0.0,960.0,top,low,low,low,top,low
32158,23,150.0,90.0,225.65217391304347,0.0,1350.0,top,low,standard,low,top,low
32161,23,3.1578947368421053,0.0,13.043478260869565,0.0,180.0,top,bottom,bottom,bottom,top,bottom
32166,23,55.26315789473684,14.0,106.95652173913044,0.0,810.0,top,bottom,bottom,low,top,low
32213,23,50.526315789473685,26.0,134.34782608695653,0.0,1170.0,top,bottom,low,low,top,low
32228,23,0.0,0.0,7.826086956521739,0.0,180.0,top,bottom,bottom,bottom,top,bottom
32234,23,12.631578947368421,4.0,36.52173913043478,0.0,300.0,top,bottom,bottom,bottom,top,bottom
32237,23,15.789473684210526,8.0,44.34782608695652,0.0,600.0,top,bottom,bottom,bottom,top,bottom
32239,23,11.052631578947368,2.0,31.304347826086957,0.0,360.0,top,bottom,bottom,bottom,top,bottom
32265,23,180.0,88.0,263.4782608695652,0.0,1380.0,top,standard,standard,standard,top,low
32305,23,116.84210526315789,42.0,316.95652173913044,0.0,2880.0,top,low,low,standard,top,standard
32316,23,6.315789473684211,0.0,22.17391304347826,0.0,300.0,top,bottom,bottom,bottom,top,bottom
32321,23,1255.2631578947369,834.0,1571.7391304347825,0.0,6300.0,top,high,high,high,top,high
32323,23,138.94736842105263,84.0,208.69565217391303,0.0,1380.0,top,low,standard,low,top,low
32357,23,0.0,0.0,13.043478260869565,0.0,300.0,top,bottom,bottom,bottom,top,bottom
32411,23,148.42105263157896,82.0,204.7826086956522,0.0,1020.0,top,low,low,low,top,low
32412,23,37.89473684210526,16.0,93.91304347826087,-90.0,900.0,top,bottom,bottom,bottom,bottom,low
32418,23,1686.3157894736842,1640.0,1753.0434782608695,0.0,4230.0,top,top,top,high,top,high
32441,23,116.84210526315789,64.0,189.1304347826087,0.0,1320.0,top,low,low,low,top,low
32447,23,153.1578947368421,106.0,204.7826086956522,0.0,1080.0,top,low,standard,low,top,low
32463,23,435.7894736842105,280.0,592.1739130434783,0.0,2970.0,top,high,high,high,top,high
32473,23,410.5263157894737,258.0,554.3478260869565,0.0,2550.0,top,high,high,standard,top,standard
32496,23,20.526315789473685,12.0,44.34782608695652,0.0,330.0,top,bottom,bottom,bottom,top,bottom
32593,23,91.57894736842105,48.0,160.43478260869566,0.0,1020.0,top,low,low,low,top,low
32616,23,131.05263157894737,52.0,223.04347826086956,0.0,1320.0,top,low,low,low,top,low
32656,23,80.52631578947368,22.0,160.43478260869566,0.0,1140.0,top,low,bottom,low,top,low
32662,23,680.5263157894736,528.0,830.8695652173913,0.0,3330.0,top,high,high,high,top,high
32730,23,115.26315789473684,72.0,228.2608695652174,0.0,1710.0,top,low,low,low,top,standard
32731,23,6.315789473684211,0.0,15.652173913043478,0.0,120.0,top,bottom,bottom,bottom,top,bottom
32780,23,6.315789473684211,0.0,54.78260869565217,0.0,900.0,top,bottom,bottom,bottom,top,low
32850,23,4.7368421052631575,0.0,13.043478260869565,0.0,120.0,top,bottom,bottom,bottom,top,bottom
32852,23,7.894736842105263,2.0,14.347826086956522,0.0,90.0,top,bottom,bottom,bottom,top,bottom
32853,23,1391.0526315789473,1226.0,1531.304347826087,0.0,4680.0,top,high,high,high,top,high
32857,23,33.1578947368421,0.0,113.47826086956522,0.0,1020.0,top,bottom,bottom,low,top,low
32862,23,90.0,56.0,144.7826086956522,0.0,930.0,top,low,low,low,top,low
32865,23,124.73684210526316,18.0,246.52173913043478,0.0,1680.0,top,low,bottom,low,top,standard
32921,23,94.73684210526316,60.0,161.7391304347826,0.0,1110.0,top,low,low,low,top,low
32952,23,104.21052631578948,72.0,172.17391304347825,0.0,1410.0,top,low,low,low,top,low
32957,23,271.57894736842104,172.0,404.3478260869565,0.0,2280.0,top,standard,standard,standard,top,standard
33015,23,854.2105263157895,692.0,983.4782608695652,0.0,3330.0,top,high,high,high,top,high
33016,23,39.473684210526315,12.0,78.26086956521739,0.0,540.0,top,bottom,bottom,bottom,top,bottom
33018,23,156.31578947368422,108.0,217.82608695652175,0.0,1230.0,top,low,standard,low,top,low
33104,23,93.15789473684211,42.0,168.2608695652174,0.0,1200.0,top,low,low,low,top,low
33111,23,265.2631578947368,148.0,369.1304347826087,0.0,1860.0,top,standard,standard,standard,top,standard
33114,23,964.7368421052631,518.0,1393.0434782608695,0.0,7350.0,top,high,high,high,top,top
33119,23,236.8421052631579,168.0,331.30434782608694,0.0,1770.0,top,standard,standard,standard,top,standard
33917,23,2043.157894736842,712.0,3157.8260869565215,0.0,18240.0,top,top,high,top,top,top
34713,23,0.0,0.0,0.0,-30.0,30.0,top,bottom,bottom,bottom,bottom,bottom
34900,23,25.263157894736842,0.0,70.43478260869566,0.0,600.0,top,bottom,bottom,bottom,top,bottom
35328,23,140.52631578947367,80.0,216.52173913043478,0.0,1200.0,top,low,low,low,top,low
36151,23,127.89473684210526,32.0,242.6086956521739,0.0,1860.0,top,low,low,low,top,standard
36154,23,67.89473684210526,24.0,117.3913043478261,0.0,780.0,top,low,low,low,top,low
3622,23,0.0,0.0,105.65217391304348,0.0,2430.0,top,bottom,bottom,bottom,top,standard
3626,23,52.10526315789474,30.0,78.26086956521739,0.0,480.0,top,bottom,low,bottom,top,bottom
3655,23,0.0,0.0,3.9130434782608696,0.0,90.0,top,bottom,bottom,bottom,top,bottom
36570,23,39.473684210526315,0.0,127.82608695652173,0.0,1470.0,top,bottom,bottom,low,top,standard
36589,23,246.31578947368422,132.0,352.17391304347825,0.0,1770.0,top,standard,standard,standard,top,standard
36934,23,50.526315789473685,24.0,109.56521739130434,0.0,960.0,top,bottom,low,low,top,low
3745,23,0.0,0.0,1.3043478260869565,0.0,30.0,top,bottom,bottom,bottom,top,bottom
3836,23,11889.473684210527,11904.0,12112.173913043478,0.0,26820.0,top,top,top,top,top,top
39228,23,44.21052631578947,18.0,74.34782608695652,0.0,510.0,top,bottom,bottom,bottom,top,bottom
3933,23,3.1578947368421053,0.0,7.826086956521739,0.0,60.0,top,bottom,bottom,bottom,top,bottom
3958,23,0.0,0.0,10.434782608695652,0.0,240.0,top,bottom,bottom,bottom,top,bottom
4013,23,0.0,0.0,18.26086956521739,0.0,420.0,top,bottom,bottom,bottom,top,bottom
4032,23,0.0,0.0,1.3043478260869565,0.0,30.0,top,bottom,bottom,bottom,top,bottom
40407,23,86.84210526315789,26.0,164.34782608695653,0.0,1110.0,top,low,low,low,top,low
4068,23,167.3684210526316,90.0,243.91304347826087,0.0,1320.0,top,standard,standard,low,top,low
4069,23,396.3157894736842,352.0,456.5217391304348,0.0,1770.0,top,standard,high,standard,top,standard
4094,23,135.78947368421052,76.0,206.08695652173913,0.0,1320.0,top,low,low,low,top,low
425,23,14.210526315789474,6.0,35.21739130434783,0.0,450.0,top,bottom,bottom,bottom,top,bottom
4443,23,0.0,0.0,19.565217391304348,0.0,360.0,top,bottom,bottom,bottom,top,bottom
44781,23,186.31578947368422,42.0,339.1304347826087,0.0,2160.0,top,standard,low,standard,top,standard
4565,23,467.36842105263156,286.0,674.3478260869565,0.0,3630.0,top,high,high,high,top,high
45940,23,1.5789473684210527,0.0,14.347826086956522,0.0,180.0,top,bottom,bottom,bottom,top,bottom
46147,23,41.05263157894737,8.0,79.56521739130434,0.0,690.0,top,bottom,bottom,bottom,top,bottom
46279,23,311.05263157894734,58.0,615.6521739130435,0.0,4440.0,top,standard,low,high,top,high
46361,23,6.315789473684211,4.0,22.17391304347826,0.0,330.0,top,bottom,bottom,bottom,top,bottom
46379,23,978.9473684210526,444.0,1510.4347826086957,0.0,8460.0,top,high,high,high,top,top
46416,23,57445.26315789474,58524.0,55890.0,24420.0,73800.0,top,top,top,top,top,top
46468,23,225.78947368421052,134.0,320.8695652173913,0.0,1560.0,top,standard,standard,standard,top,standard
46587,23,45.78947368421053,24.0,92.6086956521739,0.0,720.0,top,bottom,low,bottom,top,bottom
46610,23,0.0,0.0,5.217391304347826,0.0,120.0,top,bottom,bottom,bottom,top,bottom
47724,23,371.05263157894734,86.0,581.7391304347826,0.0,3360.0,top,standard,standard,high,top,high
4817,23,66671.05263157895,68208.0,65427.391304347824,0.0,124230.0,top,top,top,top,top,top
49492,23,96.3157894736842,68.0,135.65217391304347,0.0,750.0,top,low,low,low,top,low
50611,23,45.78947368421053,22.0,91.30434782608695,0.0,750.0,top,bottom,bottom,bottom,top,low
50861,23,1294.7368421052631,1248.0,1389.1304347826087,0.0,4140.0,top,high,top,high,top,high
50890,23,1934.2105263157894,1818.0,2008.695652173913,0.0,4980.0,top,top,top,top,top,high
50891,23,1629.4736842105262,1262.0,1884.7826086956522,0.0,6300.0,top,top,top,top,top,high
5172,23,535.2631578947369,186.0,918.2608695652174,0.0,6120.0,top,high,standard,high,top,high
52017,23,745.2631578947369,656.0,965.2173913043479,0.0,4950.0,top,high,high,high,top,high
52168,23,975.7894736842105,780.0,1145.2173913043478,0.0,4110.0,top,high,high,high,top,high
52785,23,1094.2105263157894,1044.0,1186.9565217391305,0.0,3270.0,top,high,high,high,top,high
53584,23,7758.9473684210525,7136.0,8274.782608695652,0.0,21660.0,top,top,top,top,top,top
53797,23,2456.842105263158,2312.0,2680.4347826086955,0.0,7830.0,top,top,top,top,top,top
5452,23,4932.631578947368,4254.0,5457.391304347826,0.0,16260.0,top,top,top,top,top,top
55043,23,893.6842105263158,626.0,1155.6521739130435,0.0,5070.0,top,high,high,high,top,high
55048,23,260.5263157894737,126.0,448.69565217391306,0.0,2790.0,top,standard,standard,standard,top,standard
5522,23,581.0526315789474,394.0,853.0434782608696,0.0,5400.0,top,high,high,high,top,high
5572,23,16395.78947368421,17484.0,15888.260869565218,0.0,27240.0,top,top,top,top,top,top
56066,23,475.2631578947368,404.0,543.9130434782609,0.0,1920.0,top,high,high,standard,top,standard
57147,23,200.52631578947367,108.0,311.7391304347826,0.0,1770.0,top,standard,standard,standard,top,standard
57665,23,876.3157894736842,512.0,1214.3478260869565,0.0,6150.0,top,high,high,high,top,high
58415,23,6175.263157894737,5460.0,6873.913043478261,0.0,22290.0,top,top,top,top,top,top
58904,23,495.7894736842105,220.0,766.9565217391304,0.0,4260.0,top,high,standard,high,top,high
60325,23,510.0,344.0,731.7391304347826,0.0,4710.0,top,high,high,high,top,high
61289,23,1713.157894736842,1532.0,1861.304347826087,0.0,5130.0,top,top,top,top,top,high
61485,23,164.21052631578948,84.0,234.7826086956522,0.0,1140.0,top,standard,standard,low,top,low
63144,23,118713.15789473684,120398.0,116329.56521739131,18210.0,179580.0,top,top,top,top,top,top
64179,23,4266.315789473684,4074.0,4570.434782608696,0.0,12750.0,top,top,top,top,top,top
64584,23,3667.8947368421054,3504.0,4009.5652173913045,0.0,11850.0,top,top,top,top,top,top
64794,23,4795.263157894737,4780.0,4747.826086956522,0.0,9090.0,top,top,top,top,top,top
65229,23,12318.947368421053,12100.0,12641.739130434782,0.0,28950.0,top,top,top,top,top,top
67022,23,325.2631578947368,172.0,481.30434782608694,0.0,2640.0,top,standard,standard,standard,top,standard
67063,23,30505.263157894737,30996.0,29960.869565217392,11280.0,43950.0,top,top,top,top,top,top
67077,23,125259.47368421052,126810.0,122559.13043478261,33810.0,180600.0,top,top,top,top,top,top
67751,23,83.6842105263158,30.0,150.0,0.0,1230.0,top,low,low,low,top,low
69090,23,137.3684210526316,54.0,268.69565217391306,0.0,2100.0,top,low,low,standard,top,standard
69193,23,47471.05263157895,47582.0,46891.30434782609,21060.0,62310.0,top,top,top,top,top,top
69599,23,480.0,190.0,747.3913043478261,0.0,4290.0,top,high,standard,high,top,high
69920,23,502.10526315789474,242.0,825.6521739130435,0.0,5100.0,top,high,standard,high,top,high
69989,23,86.84210526315789,32.0,185.2173913043478,0.0,1890.0,top,low,low,low,top,standard
70125,23,29058.947368421053,28850.0,28930.434782608696,16170.0,38370.0,top,top,top,top,top,top
70129,23,2878.4210526315787,2736.0,2940.0,0.0,6480.0,top,top,top,top,top,high
70142,23,123.15789473684211,84.0,172.17391304347825,0.0,900.0,top,low,standard,low,top,low
70143,23,23.68421052631579,6.0,73.04347826086956,0.0,960.0,top,bottom,bottom,bottom,top,low
70224,23,2104.7368421052633,1462.0,2731.304347826087,0.0,11730.0,top,top,top,top,top,top
71270,23,293.6842105263158,156.0,524.3478260869565,0.0,3990.0,top,standard,standard,standard,top,high
71273,23,6067.894736842105,5632.0,6459.130434782609,0.0,16710.0,top,top,top,top,top,top
71750,23,78.94736842105263,52.0,127.82608695652173,0.0,1050.0,top,low,low,low,top,low
71751,23,192.6315789473684,128.0,268.69565217391306,0.0,1410.0,top,standard,standard,standard,top,low
72007,23,6576.315789473684,6344.0,6930.0,0.0,19110.0,top,top,top,top,top,top
72123,23,427.89473684210526,310.0,573.9130434782609,0.0,2550.0,top,high,high,high,top,standard
72124,23,90.0,46.0,122.6086956521739,0.0,570.0,top,low,low,low,top,bottom
72148,23,630.0,552.0,730.4347826086956,0.0,2460.0,top,high,high,high,top,standard
72301,23,134.21052631578948,40.0,249.1304347826087,0.0,1920.0,top,low,low,low,top,standard
72302,23,342.63157894736844,96.0,682.1739130434783,0.0,5610.0,top,standard,standard,high,top,high
72352,23,244.73684210526315,196.0,303.9130434782609,0.0,1320.0,top,standard,standard,standard,top,low
72359,23,667.8947368421053,476.0,902.6086956521739,0.0,4530.0,top,high,high,high,top,high
72503,23,12821.052631578947,11088.0,14398.695652173914,0.0,46140.0,top,top,top,top,top,top
72831,23,64757.36842105263,68610.0,63770.86956521739,0.0,121560.0,top,top,top,top,top,top
74128,23,358.42105263157896,230.0,465.6521739130435,0.0,1980.0,top,standard,standard,standard,top,standard
74596,23,115.26315789473684,66.0,199.56521739130434,0.0,1380.0,top,low,low,low,top,low
74948,23,66.3157894736842,18.0,108.26086956521739,0.0,690.0,top,low,bottom,low,top,bottom
74965,23,200.52631578947367,120.0,279.1304347826087,0.0,1380.0,top,standard,standard,standard,top,low
75053,23,14036.842105263158,14540.0,13835.217391304348,0.0,25890.0,top,top,top,top,top,top
75073,23,74.21052631578948,42.0,113.47826086956522,0.0,630.0,top,low,low,low,top,bottom
75234,23,12841.578947368422,12172.0,13696.95652173913,0.0,35580.0,top,top,top,top,top,top
75688,23,1725.7894736842106,1534.0,1996.9565217391305,0.0,6600.0,top,top,top,top,top,high
75755,23,19035.78947368421,19688.0,19440.0,0.0,47400.0,top,top,top,top,top,top
75832,23,1673.6842105263158,1304.0,2193.913043478261,0.0,10500.0,top,top,top,top,top,top
75833,23,186.31578947368422,126.0,240.0,0.0,1050.0,top,standard,standard,low,top,low
80093,23,456.3157894736842,364.0,558.2608695652174,0.0,2220.0,top,high,high,high,top,standard
80094,23,1193.6842105263158,1076.0,1327.8260869565217,0.0,4230.0,top,high,high,high,top,high
80206,23,3903.157894736842,3856.0,3867.391304347826,1770.0,5760.0,top,top,top,top,top,high
80377,23,7523.684210526316,7348.0,7982.608695652174,0.0,23430.0,top,top,top,top,top,top
80556,23,120055.26315789473,122174.0,118306.95652173914,62280.0,154920.0,top,top,top,top,top,top
81570,23,939.4736842105264,890.0,999.1304347826087,0.0,2730.0,top,high,high,high,top,standard
81616,23,255.78947368421052,156.0,345.6521739130435,0.0,1560.0,top,standard,standard,standard,top,standard
81683,23,544.7368421052631,214.0,939.1304347826087,0.0,7200.0,top,high,standard,high,top,top
81684,23,221.05263157894737,132.0,480.0,0.0,3870.0,top,standard,standard,standard,top,high
81690,23,32981.05263157895,33294.0,32563.043478260868,20490.0,40620.0,top,top,top,top,top,top
81691,23,18497.36842105263,18520.0,18283.043478260868,6600.0,28110.0,top,top,top,top,top,top
81700,23,210.0,70.0,420.0,0.0,3510.0,top,standard,low,standard,top,high
81834,23,30588.947368421053,30934.0,29543.478260869564,5190.0,39960.0,top,top,top,top,top,top
81955,23,1046.842105263158,928.0,1168.695652173913,0.0,3930.0,top,high,high,high,top,high
82124,23,80.52631578947368,0.0,234.7826086956522,0.0,2580.0,top,low,bottom,low,top,standard
82223,23,12454.736842105263,11076.0,13995.652173913044,0.0,44400.0,top,top,top,top,top,top
82652,23,210.0,94.0,337.82608695652175,0.0,2010.0,top,standard,standard,standard,top,standard
82744,23,3759.4736842105262,3624.0,3948.2608695652175,0.0,9810.0,top,top,top,top,top,top
82898,23,2055.7894736842104,1724.0,2449.5652173913045,0.0,8760.0,top,top,top,top,top,top
83009,23,3137.3684210526317,2182.0,4168.695652173913,0.0,18300.0,top,top,top,top,top,top
83021,23,11681.052631578947,11894.0,11663.478260869566,0.0,24390.0,top,top,top,top,top,top
83263,23,11365.263157894737,11920.0,11171.739130434782,0.0,20520.0,top,top,top,top,top,top
83396,23,1624.7368421052631,766.0,3082.1739130434785,0.0,27270.0,top,top,high,top,top,top
83791,23,99.47368421052632,60.0,143.47826086956522,0.0,780.0,top,low,low,low,top,low
83844,23,9701.052631578947,9102.0,10216.95652173913,0.0,26130.0,top,top,top,top,top,top
84089,23,325.2631578947368,184.0,541.304347826087,0.0,3630.0,top,standard,standard,standard,top,high
84125,23,1122.6315789473683,1022.0,1273.0434782608695,0.0,4110.0,top,high,high,high,top,high
84128,23,3648.9473684210525,3730.0,3854.3478260869565,0.0,11010.0,top,top,top,top,top,top
84146,23,95341.57894736843,96114.0,93210.0,25200.0,129870.0,top,top,top,top,top,top
84219,23,252.6315789473684,162.0,447.39130434782606,0.0,3750.0,top,standard,standard,standard,top,high
84223,23,132.6315789473684,84.0,256.95652173913044,0.0,1800.0,top,low,standard,standard,top,standard
84351,23,323.6842105263158,136.0,477.39130434782606,0.0,2610.0,top,standard,standard,standard,top,standard
84608,23,12262.105263157895,12210.0,11444.347826086956,0.0,15540.0,top,top,top,top,top,top
84658,23,162.6315789473684,54.0,289.5652173913044,0.0,2070.0,top,standard,low,standard,top,standard
85011,23,585.7894736842105,178.0,997.8260869565217,0.0,6120.0,top,high,standard,high,top,high
