store_code,accounting,airport,amusement_park,aquarium,art_gallery,atm,bakery,bank,bar,beauty_salon,bicycle_store,book_store,bowling_alley,bus_station,cafe,campground,car_dealer,car_rental,car_repair,car_wash,casino,cemetery,church,city_hall,clothing_store,convenience_store,courthouse,dentist,department_store,doctor,electrician,electronics_store,embassy,fire_station,florist,funeral_home,furniture_store,gas_station,gym,hair_care,hardware_store,home_goods_store,hospital,insurance_agency,jewelry_store,laundry,lawyer,library,liquor_store,local_government_office,locksmith,lodging,meal_delivery,meal_takeaway,mosque,movie_rental,movie_theater,moving_company,museum,night_club,painter,park,parking,pet_store,pharmacy,physiotherapist,plumber,police,post_office,real_estate_agency,restaurant,roofing_contractor,shoe_store,shopping_mall,spa,stadium,storage,store,subway_station,synagogue,taxi_stand,train_station,transit_station,travel_agency,university,veterinary_care,zoo
282,1,0,0,0,5,9,7,11,19,21,1,8,0,1,12,0,0,0,0,0,1,0,2,3,60,0,1,27,2,48,1,8,1,0,6,0,5,0,1,39,0,11,0,11,11,2,20,3,2,6,0,8,0,5,0,0,0,0,5,6,2,1,1,0,5,6,0,2,2,24,50,0,7,3,6,0,0,60,0,0,0,0,2,13,0,0,0
425,0,0,0,0,0,0,0,0,0,0,1,0,0,0,1,0,0,0,1,0,0,0,0,0,2,0,0,0,0,0,0,2,0,1,0,0,0,0,0,0,1,2,0,0,0,0,0,0,0,0,0,0,0,1,0,0,0,0,0,0,0,0,0,0,1,0,0,0,0,0,2,0,1,1,0,0,0,12,0,0,0,0,0,0,0,0,0
1498,0,0,0,0,0,4,6,8,8,10,1,1,0,4,8,0,0,0,0,0,0,0,1,1,27,0,0,13,1,31,2,2,0,0,1,1,1,1,0,10,1,3,1,7,2,1,9,1,0,4,0,4,0,1,0,0,2,0,1,2,1,3,3,0,5,7,0,1,2,22,25,0,4,0,1,0,0,60,0,0,0,1,5,5,0,0,0
2286,2,0,0,0,5,5,6,7,3,7,0,1,0,2,16,0,0,4,3,0,0,0,3,0,11,0,0,14,0,32,2,4,0,0,1,0,3,1,8,12,0,9,0,3,1,3,4,2,0,1,0,8,0,2,1,0,1,0,0,1,0,0,2,0,5,2,0,0,2,13,27,0,2,0,2,0,0,60,2,0,0,1,5,9,1,1,0
2331,0,0,0,0,1,2,1,3,5,7,0,3,0,4,4,0,0,0,3,0,0,0,1,0,12,0,0,11,0,13,2,0,0,0,0,0,0,0,0,6,0,3,1,6,2,0,2,0,0,0,0,3,0,1,0,0,1,0,0,1,0,0,0,0,3,7,0,0,2,14,18,0,3,0,0,0,0,45,0,0,0,1,4,2,0,0,0
2581,1,0,0,0,0,3,1,0,3,2,0,0,0,3,2,0,0,0,1,0,0,0,0,0,0,0,0,0,0,2,0,3,0,0,0,0,2,1,7,1,0,8,0,4,1,0,0,0,0,1,0,0,0,6,0,0,0,0,0,1,1,0,0,0,0,0,1,0,0,4,10,0,0,0,1,0,0,18,0,0,0,0,3,1,1,0,0
2674,1,0,0,0,0,4,0,5,3,6,0,1,0,2,3,0,0,0,0,0,0,0,0,0,10,0,0,2,0,12,3,1,0,0,3,1,0,0,2,9,0,2,0,4,3,1,3,2,1,1,0,1,1,1,0,0,0,0,0,1,0,1,0,0,1,2,0,1,2,7,10,0,1,0,1,0,0,37,0,0,0,0,2,1,0,0,0
2675,0,0,0,0,0,0,0,0,0,0,0,0,0,1,0,0,0,0,0,0,0,0,0,0,1,0,0,0,0,0,0,1,0,0,1,0,0,1,1,0,0,1,0,0,0,0,0,0,0,0,0,0,0,0,0,0,0,0,0,0,1,0,1,0,0,2,0,0,0,0,2,0,0,0,0,0,0,6,0,0,0,1,2,0,0,0,0
3075,5,0,0,0,5,7,6,11,19,32,0,4,0,15,12,0,0,0,1,0,0,0,2,0,60,0,0,26,1,60,1,5,0,0,3,0,4,1,7,50,0,12,1,11,15,3,33,3,3,7,1,9,0,4,0,1,1,0,2,3,1,2,2,0,8,18,0,0,1,60,52,0,14,3,6,0,0,60,0,0,0,0,16,12,1,0,0
3622,0,0,0,0,0,2,0,0,0,1,0,1,0,1,1,0,1,0,2,0,0,0,0,0,0,0,0,1,0,4,0,0,0,0,1,0,0,1,0,1,0,0,0,0,0,0,0,0,0,0,0,0,1,0,0,0,0,0,0,0,1,0,0,0,1,1,0,0,1,1,2,0,0,0,0,0,0,10,0,0,0,0,1,0,0,0,0
3626,0,0,0,0,0,4,2,3,3,5,0,0,0,2,2,0,0,0,0,0,0,0,0,0,2,0,0,1,0,9,0,3,0,0,2,0,4,0,0,5,1,5,0,0,2,0,0,1,0,1,0,1,0,1,0,0,0,0,0,1,1,0,0,0,1,2,0,1,1,1,9,1,1,0,0,0,0,32,0,0,0,0,2,1,0,0,0
3655,0,0,0,0,0,2,2,7,0,2,0,0,0,1,0,0,0,0,0,0,0,0,0,2,2,0,0,1,0,4,2,2,0,0,2,0,0,0,0,5,0,1,1,2,0,0,1,2,0,2,0,0,0,1,0,0,0,0,2,0,2,0,0,0,2,1,0,0,1,2,9,0,0,0,0,0,0,20,0,0,0,0,2,0,0,2,0
3745,0,0,0,0,0,2,1,4,0,2,0,0,0,2,0,0,1,0,2,0,0,0,0,0,0,0,0,1,0,7,1,1,0,0,0,0,0,2,1,1,0,0,0,2,0,0,1,0,0,0,0,2,0,1,0,0,0,0,0,0,0,0,0,0,1,0,0,0,2,7,4,0,0,0,1,0,0,10,0,0,0,1,3,1,0,0,0
3933,0,0,0,0,0,0,0,3,2,0,0,0,0,3,1,0,0,0,0,0,0,0,0,0,1,0,0,0,0,0,1,1,0,0,1,0,0,8,0,1,0,0,0,0,0,0,0,0,0,0,0,7,0,0,0,0,1,0,0,0,0,0,0,0,1,0,0,0,1,2,6,0,0,0,0,0,0,5,0,0,0,0,4,0,0,0,0
3958,3,0,0,0,1,4,9,9,30,14,0,4,0,2,20,0,0,1,2,1,0,0,0,0,26,1,1,8,1,49,5,3,2,0,1,0,0,1,3,23,0,5,3,1,9,2,8,1,3,3,2,31,1,6,0,0,0,0,1,8,3,0,5,0,6,4,1,1,2,18,60,1,4,3,7,0,0,60,0,0,0,1,4,20,0,0,0
4013,0,0,0,0,0,1,0,2,1,1,0,0,0,1,0,0,0,0,0,0,0,0,2,1,1,0,0,0,0,4,0,0,0,0,0,0,0,0,0,2,0,0,0,0,0,0,0,1,0,2,0,2,0,0,0,0,0,0,0,0,1,0,0,1,1,0,0,0,0,0,1,0,1,0,0,0,0,5,0,0,0,0,1,0,0,0,0
4032,0,0,0,0,2,1,1,1,2,6,0,0,0,3,2,0,2,0,3,0,0,0,2,0,3,0,0,0,0,7,0,0,0,0,1,0,1,0,0,6,1,1,0,0,3,1,0,0,0,1,1,1,1,1,0,0,0,0,0,0,1,0,0,0,5,5,1,0,0,3,13,0,1,0,2,0,0,21,0,0,0,0,4,1,0,1,0
4068,0,0,0,0,0,3,0,1,0,0,0,2,0,2,2,0,0,0,0,0,0,0,0,0,8,0,0,0,0,0,0,4,0,0,1,0,5,1,0,1,1,8,0,0,1,0,0,0,1,0,1,0,0,0,0,0,0,0,0,0,0,0,0,1,2,0,0,0,1,1,4,0,5,2,0,0,0,46,0,0,0,0,2,1,0,0,0
4069,0,0,0,0,0,3,0,1,0,0,0,2,0,2,2,0,0,0,0,0,0,0,0,0,8,0,0,0,0,0,0,4,0,0,1,0,5,1,0,1,1,8,0,0,1,0,0,0,1,0,1,0,0,0,0,0,0,0,0,0,0,0,0,1,2,0,0,0,1,1,4,0,5,2,0,0,0,46,0,0,0,0,2,1,0,0,0
4443,3,0,0,0,1,3,2,6,6,4,0,1,0,3,5,0,0,0,3,0,0,0,2,1,15,0,0,5,1,10,0,3,0,0,4,0,1,1,0,6,0,2,0,10,2,0,2,1,2,3,0,4,2,2,0,0,0,0,0,0,0,0,0,1,1,2,0,0,1,6,20,0,2,0,0,1,2,59,0,0,0,0,3,3,0,2,0
4565,2,0,0,0,0,2,1,4,1,2,0,0,0,2,1,0,0,0,1,0,0,0,0,0,3,0,0,1,0,7,1,2,0,0,0,0,1,2,1,3,0,3,0,1,0,0,1,0,1,0,0,0,0,0,0,0,0,0,0,0,0,0,0,0,2,0,0,0,1,5,3,0,2,1,0,0,0,24,0,0,0,1,3,1,0,1,0
10055,3,0,0,0,1,1,3,3,1,4,1,0,0,2,6,0,0,0,2,0,0,0,0,0,3,0,0,3,0,20,2,4,0,0,1,0,6,4,3,6,2,7,1,2,0,1,0,0,1,0,0,0,0,0,0,0,0,1,0,0,2,0,1,0,3,6,0,0,1,7,17,0,0,0,1,0,1,31,0,0,0,0,2,1,0,1,0
10077,0,0,0,0,0,0,1,0,0,0,0,0,0,1,0,0,0,0,0,0,0,0,0,0,0,0,0,0,0,1,0,0,0,0,0,0,1,0,0,1,0,1,0,0,0,0,0,0,0,0,0,0,0,0,0,0,0,0,0,0,0,0,0,0,1,0,0,0,0,0,4,0,0,0,0,0,0,6,0,0,0,0,1,0,0,0,0
10079,1,0,0,0,0,3,3,1,4,4,1,1,0,4,4,0,0,0,2,0,0,0,0,0,11,0,1,12,1,13,3,2,0,0,1,0,0,0,1,9,0,3,0,2,4,2,0,0,0,1,1,0,0,2,0,0,1,0,1,2,0,1,1,0,3,1,0,0,1,3,15,0,4,1,1,0,0,53,0,0,0,0,4,2,0,0,0
10086,0,0,0,0,0,0,0,0,1,2,0,0,0,1,1,0,0,0,2,0,0,0,0,0,0,0,0,0,0,2,1,0,0,0,0,0,0,2,0,1,0,0,0,0,0,0,0,0,0,0,0,0,0,0,0,0,0,0,0,0,1,2,0,0,1,0,0,0,0,2,2,0,0,0,0,0,0,3,0,0,0,0,1,0,0,0,0
10111,0,0,0,0,0,0,0,0,0,0,0,0,0,4,0,0,0,0,0,0,0,0,0,0,0,0,0,0,0,2,0,0,0,0,0,0,0,4,0,0,0,0,0,0,1,0,0,0,0,0,0,1,0,0,0,0,0,0,0,0,0,1,0,1,0,0,0,0,0,0,2,0,0,0,1,0,0,2,0,0,0,0,4,0,0,0,0
10377,2,0,0,0,18,4,12,29,27,14,1,3,0,1,12,0,0,1,0,0,0,1,3,0,60,0,0,8,2,12,0,3,1,0,3,2,5,1,3,11,0,14,3,0,50,0,27,2,2,3,1,6,0,4,0,0,4,0,8,11,1,1,2,0,5,4,0,0,0,60,60,0,23,3,3,0,0,60,0,0,0,0,2,14,1,0,0
10441,1,0,0,0,3,1,6,3,12,16,0,3,1,6,8,0,2,0,6,1,0,0,4,0,35,0,0,5,1,28,1,3,0,1,0,4,3,0,5,25,0,5,8,3,6,2,4,3,1,6,3,3,1,9,0,0,3,0,3,3,1,0,3,1,5,5,0,0,2,15,37,0,10,3,6,0,0,60,0,0,0,1,7,9,2,0,0
10545,1,0,0,0,0,2,4,4,1,7,0,0,0,3,7,0,0,0,1,0,0,0,1,0,7,0,0,16,0,35,4,4,0,0,0,0,4,0,5,11,0,6,0,2,2,0,6,0,0,1,0,1,0,4,0,0,0,0,0,0,1,1,5,0,4,6,0,1,2,21,31,0,2,0,2,0,0,53,0,0,0,1,4,3,0,0,0
10548,1,0,0,0,0,2,5,4,1,7,0,0,0,2,9,0,0,0,1,0,0,0,0,0,6,0,0,16,0,35,3,3,0,0,0,0,1,0,5,13,0,3,2,3,3,0,4,0,0,1,0,0,0,4,0,0,0,0,0,0,2,1,3,0,3,4,0,0,2,23,31,0,2,0,2,0,0,51,0,0,0,0,2,3,0,0,0
10672,0,0,0,0,0,1,4,2,3,0,0,0,0,2,1,0,0,0,0,0,0,0,0,1,1,0,0,3,0,6,0,0,0,0,1,0,1,0,0,1,0,2,0,1,0,0,0,0,0,2,1,2,0,1,0,0,0,0,0,0,0,0,0,0,1,2,0,0,1,3,3,0,0,0,0,0,0,19,0,0,0,1,2,0,0,1,0
10814,0,0,0,0,1,0,0,0,1,0,0,0,0,3,0,0,0,0,0,0,0,1,0,0,0,0,0,0,0,0,0,1,0,0,0,1,1,3,0,0,0,1,1,1,0,0,0,0,0,0,0,0,0,0,0,0,0,1,0,0,0,0,0,0,0,0,0,0,0,1,5,0,0,0,0,1,1,4,0,0,0,0,3,1,0,0,0
10820,0,0,0,0,0,0,0,0,1,0,0,0,0,1,1,0,0,0,0,0,0,0,1,0,0,0,0,0,0,24,0,0,0,0,0,0,0,2,0,0,0,0,0,0,0,0,0,0,0,0,0,0,0,0,0,0,0,0,3,0,0,0,0,0,1,0,0,0,0,1,1,0,0,0,0,0,0,2,0,0,0,0,1,0,0,0,0
10871,0,0,0,0,0,2,2,2,0,2,0,0,0,2,2,0,0,0,1,0,0,0,1,0,0,0,0,1,1,6,0,1,0,0,1,0,0,3,1,3,0,0,1,1,0,1,0,1,0,0,0,0,0,0,0,0,0,0,0,0,0,0,1,0,4,4,0,0,1,3,5,0,0,0,1,0,0,15,1,0,0,0,2,1,0,0,0
10883,1,0,0,0,0,1,0,0,0,1,0,0,0,2,1,0,1,0,1,0,0,0,0,2,0,0,0,2,0,2,0,0,0,0,1,0,0,0,0,0,0,0,1,0,0,0,2,0,0,2,0,0,0,0,0,0,0,0,0,0,0,0,0,0,0,0,0,1,1,2,1,0,0,0,0,0,0,6,0,0,0,0,2,1,0,0,0
10928,0,0,1,0,0,4,2,0,2,0,0,0,0,4,2,0,0,0,0,0,0,0,1,0,0,0,0,1,0,3,1,2,0,0,1,0,0,0,3,1,0,1,0,2,0,0,2,1,1,0,0,1,1,2,0,0,0,1,0,0,1,0,1,0,1,0,0,0,3,6,9,1,0,0,0,0,1,16,0,0,0,1,6,0,3,0,0
10962,1,0,0,0,0,13,6,11,7,6,0,4,0,3,6,0,0,0,0,0,0,0,1,0,23,0,0,31,2,51,1,5,1,0,1,0,1,0,1,13,0,5,1,6,4,1,26,0,0,2,1,1,0,3,0,0,2,1,0,0,0,1,1,0,9,4,0,0,3,41,33,0,7,3,0,0,1,60,0,0,0,1,4,10,1,1,0
10975,3,0,0,0,0,11,6,13,11,8,0,5,1,5,7,0,0,0,0,0,0,0,1,0,37,0,0,28,2,43,1,3,1,0,1,0,1,0,2,15,0,5,1,8,4,1,21,3,0,5,1,3,0,4,0,0,1,1,0,1,1,1,1,0,9,5,0,0,3,39,46,0,8,2,1,0,1,60,0,0,0,1,6,5,6,1,0
10992,3,0,0,0,5,7,5,8,14,27,0,4,0,12,12,0,0,0,0,0,0,0,1,0,60,0,0,25,1,60,0,3,0,0,2,0,3,1,5,46,0,10,1,8,15,3,31,3,2,6,1,9,0,4,0,0,0,0,0,3,1,1,2,0,8,14,0,0,1,60,45,0,14,2,6,0,0,60,0,0,0,0,13,12,1,0,0
11007,3,0,0,0,1,7,5,11,12,7,0,6,1,3,9,0,0,0,0,0,0,0,1,0,32,0,0,10,1,24,1,2,0,0,0,0,1,0,2,15,0,6,1,3,2,0,23,3,2,4,0,4,0,3,0,0,1,0,1,1,1,1,2,0,5,5,0,0,1,40,56,0,5,1,1,0,0,60,0,0,0,0,5,4,2,0,0
11013,0,0,0,0,0,2,2,2,0,2,0,0,0,3,2,0,0,0,2,0,0,0,2,0,0,0,0,1,1,10,0,1,1,0,1,0,0,3,0,3,0,0,1,1,0,2,0,0,0,0,0,1,0,0,0,0,0,0,0,0,0,0,1,0,4,5,0,0,1,3,4,0,0,0,1,0,0,14,1,0,0,0,3,1,0,0,0
11028,6,0,0,0,9,15,9,20,30,48,0,5,0,23,24,0,0,0,0,0,0,0,2,0,103,0,0,48,2,120,0,5,0,0,3,0,6,2,11,72,0,18,2,18,28,6,58,6,2,14,2,19,0,8,0,0,0,0,0,6,2,4,4,0,16,29,0,0,3,96,76,0,28,4,11,0,0,120,0,0,0,0,25,24,2,0,0
11233,0,0,0,0,0,0,0,0,0,2,0,0,0,1,0,0,0,0,2,0,0,0,0,0,0,0,0,0,0,0,0,0,0,0,0,0,2,2,1,0,0,3,0,0,0,1,0,0,0,0,1,0,0,0,0,0,0,2,0,0,0,1,0,0,0,0,0,0,0,1,2,0,0,0,0,0,2,7,0,0,0,0,1,0,0,0,0
11564,4,0,0,0,7,5,9,11,34,34,0,7,0,3,20,0,0,0,0,0,0,0,2,0,60,0,0,36,4,54,0,3,3,0,1,0,8,0,11,43,0,16,3,7,19,0,60,2,3,1,0,4,2,6,0,0,1,0,3,11,0,4,2,0,9,4,0,0,1,60,60,0,16,3,17,0,0,60,0,0,0,0,3,16,2,0,0
11570,3,0,0,0,8,6,6,11,34,33,0,8,0,3,19,0,0,0,0,0,0,0,2,1,60,0,0,37,4,49,0,3,3,0,1,0,6,2,14,42,0,14,3,8,18,0,56,3,3,2,0,5,2,5,0,0,1,0,3,10,0,0,3,0,11,4,0,0,1,60,60,0,15,3,17,0,0,60,1,0,0,1,4,20,2,0,0
11582,0,0,0,0,0,0,2,0,3,2,0,0,0,2,1,0,0,0,2,0,0,0,1,0,1,0,0,2,0,6,3,1,0,0,0,0,2,0,1,6,0,3,1,0,0,1,2,0,0,0,0,0,0,1,0,0,0,3,0,0,1,1,0,0,1,5,0,0,0,2,11,0,1,0,1,0,3,19,0,0,0,0,2,2,3,0,0
11603,4,0,0,0,5,5,9,10,4,6,0,2,0,2,15,0,0,5,2,0,0,0,1,0,12,0,0,22,0,44,2,4,1,0,0,0,1,1,5,11,0,7,2,3,4,1,12,4,1,2,0,9,0,4,0,0,1,0,0,0,0,0,5,0,4,4,0,0,2,21,41,0,2,0,1,0,0,60,2,0,0,1,5,15,1,1,0
11607,4,0,0,0,5,5,7,9,4,6,0,1,0,1,15,0,0,5,2,0,0,0,1,0,11,0,0,19,0,37,2,4,0,0,1,0,1,1,6,9,0,7,0,3,2,2,5,2,1,2,0,10,1,4,1,0,1,0,0,0,0,0,5,0,5,3,0,0,2,15,37,0,2,0,1,0,0,60,2,0,0,1,4,18,1,1,0
11736,0,0,0,0,0,0,0,0,0,0,0,0,0,0,1,0,1,0,1,0,0,0,0,0,0,0,0,0,0,0,0,0,0,0,0,0,2,2,0,0,0,2,1,0,0,0,0,0,0,0,0,0,0,1,0,0,0,0,1,0,1,0,0,0,0,0,0,0,0,0,2,0,0,0,0,0,0,4,0,0,0,1,1,0,0,0,0
11954,0,0,0,0,0,2,0,1,0,0,1,0,0,3,0,0,2,2,3,0,0,0,0,0,5,0,0,2,2,1,0,0,0,0,0,0,2,0,1,1,0,3,0,0,0,0,0,0,0,0,0,0,0,0,0,0,0,0,0,0,0,0,0,0,2,0,0,0,2,0,1,0,1,1,0,0,0,25,0,0,0,0,3,0,0,0,0
12028,0,0,0,0,0,3,1,4,1,1,0,0,0,3,1,0,2,0,2,0,0,0,2,0,1,1,0,3,0,20,0,0,0,0,1,1,0,0,1,2,1,2,0,0,0,0,0,2,0,0,0,3,0,0,0,0,1,0,0,1,0,0,0,0,2,1,0,0,1,2,5,0,0,0,1,0,0,17,0,0,0,1,3,0,0,1,0
12160,0,0,0,0,0,0,0,1,0,0,0,0,0,2,1,0,0,0,0,0,0,0,0,0,1,0,0,1,0,0,0,0,0,0,1,0,0,0,1,0,0,0,0,1,0,0,0,0,0,0,0,0,0,0,0,0,0,0,0,0,0,0,0,0,0,1,0,0,0,1,1,0,0,0,0,0,0,5,0,0,0,1,2,0,0,0,0
12249,0,0,0,0,0,2,0,7,0,1,0,0,0,1,1,0,1,0,0,0,0,0,0,1,1,0,0,2,1,7,2,0,0,0,1,0,0,2,1,3,0,1,1,1,0,0,0,0,0,1,0,3,0,0,0,0,0,0,0,0,0,0,0,0,1,0,0,0,2,3,3,0,1,1,0,0,0,11,0,0,0,1,2,1,0,0,0
12267,9,0,0,0,1,2,12,24,20,25,0,2,0,3,17,0,2,1,4,0,0,0,1,0,43,1,0,52,0,56,3,7,5,0,4,0,10,3,5,25,0,17,2,7,9,3,26,2,5,3,0,2,2,5,0,0,2,0,0,3,1,2,3,0,6,7,0,0,1,60,60,0,7,3,5,0,0,60,0,0,0,0,3,13,0,0,0
12340,1,0,0,0,0,5,4,4,3,5,1,1,0,3,6,0,0,0,0,0,0,0,2,0,17,0,0,6,0,20,1,3,0,0,4,0,1,0,2,12,1,4,4,4,5,0,9,0,1,2,1,3,0,1,0,0,3,0,1,1,0,1,1,1,6,5,0,0,3,16,25,0,3,1,3,0,0,60,0,1,0,1,3,2,0,0,0
12388,0,0,0,0,0,1,0,2,2,0,1,1,0,3,1,0,0,1,1,0,0,0,0,0,1,0,0,4,0,7,1,0,0,0,1,0,0,1,3,3,0,0,0,0,0,0,2,1,0,0,0,3,1,0,0,0,0,0,0,0,2,2,2,0,0,1,0,0,2,12,5,0,0,0,1,0,0,7,0,0,0,0,3,0,0,1,0
12474,0,0,0,0,1,1,0,1,2,2,0,0,0,4,2,0,2,0,3,0,0,0,2,0,3,0,0,1,0,14,1,0,0,0,0,1,0,1,0,8,1,0,1,0,1,2,0,0,0,0,1,1,0,0,0,0,0,1,0,0,1,0,0,0,5,7,1,0,0,3,8,0,1,0,4,0,1,20,0,0,0,0,4,1,0,0,0
12794,0,0,0,0,0,0,0,0,0,0,0,0,0,1,0,0,0,0,0,0,0,0,0,0,0,0,0,0,0,0,0,0,0,0,0,0,0,2,0,0,0,0,0,0,0,0,0,0,0,0,0,0,0,0,0,0,0,0,0,0,0,0,0,0,0,0,0,0,0,0,0,0,0,0,0,0,0,0,0,0,0,0,1,0,0,0,0
12836,0,0,0,0,0,2,2,5,3,4,0,0,0,5,6,0,0,0,0,0,0,0,1,0,17,0,0,2,1,10,0,1,0,0,0,0,4,0,1,5,0,9,0,6,0,0,4,0,0,1,0,3,0,0,0,0,0,0,0,1,0,0,1,0,2,2,0,1,4,5,17,0,4,1,1,0,0,52,0,0,0,1,5,2,4,0,0
12889,0,0,0,0,0,2,0,0,0,1,0,0,0,1,1,1,1,0,0,1,0,0,0,0,2,0,0,0,0,0,0,2,0,1,0,0,0,4,0,2,1,2,0,0,0,0,0,0,0,0,0,1,0,1,0,0,0,0,0,0,0,1,0,0,1,0,0,0,0,0,4,0,0,1,1,0,0,12,0,0,0,0,1,0,0,0,0
12963,0,0,0,0,0,1,1,1,0,1,0,0,0,3,1,0,0,2,0,0,0,0,0,0,2,0,0,0,1,6,0,0,0,0,0,0,1,1,0,0,0,1,0,1,0,0,1,0,1,0,0,1,0,0,0,0,2,0,0,0,0,0,0,0,1,4,0,0,2,1,5,0,0,0,0,0,1,9,0,0,0,1,3,1,0,0,0
12978,1,0,0,0,0,2,5,4,2,3,0,0,0,1,4,0,0,0,0,0,0,0,2,1,8,0,0,8,0,13,6,5,0,0,2,1,3,4,1,6,0,3,1,6,2,0,1,2,0,2,0,3,1,2,0,0,0,0,1,0,1,0,0,1,2,4,0,0,0,18,19,0,0,0,0,0,0,47,0,0,0,1,2,3,0,0,0
12983,0,0,0,0,1,2,3,4,4,3,0,0,0,1,2,0,0,0,1,0,0,0,0,0,2,0,0,5,0,10,1,2,0,0,2,0,0,2,2,2,1,1,2,2,1,1,2,0,0,1,0,1,1,1,0,0,0,0,0,1,0,0,0,0,1,3,0,0,1,8,6,0,0,0,0,0,0,26,0,0,0,1,2,1,0,1,0
13118,1,0,0,0,0,0,0,1,0,0,0,0,0,1,0,0,0,0,0,0,0,0,0,0,0,0,0,0,0,2,0,0,0,0,1,0,0,0,1,2,0,1,0,1,0,0,0,0,1,0,0,1,0,1,0,0,0,0,0,0,0,0,0,0,2,2,1,0,1,1,4,1,0,0,0,0,0,7,0,0,0,1,2,0,0,1,0
13175,0,0,0,0,0,2,0,0,0,0,0,0,0,2,0,0,0,0,1,0,0,0,0,0,1,0,0,0,0,0,1,0,0,0,1,0,0,1,0,1,0,0,0,0,0,0,0,0,0,0,0,1,0,0,0,0,0,0,0,0,0,0,0,0,0,0,0,0,1,0,2,0,0,0,0,0,0,3,0,0,0,1,2,0,0,0,0
13196,0,0,0,0,0,0,0,0,0,0,0,0,0,2,1,0,1,0,4,1,0,0,0,0,0,1,0,0,0,0,1,0,0,0,0,0,0,1,0,0,0,0,0,0,0,0,0,0,0,0,1,0,0,0,0,0,0,0,0,0,0,0,0,0,0,0,0,0,0,1,1,0,0,0,0,0,0,2,0,0,0,1,2,0,0,0,0
13336,0,0,0,0,0,2,0,1,0,1,0,0,0,1,0,0,1,0,2,0,0,0,0,0,0,0,0,2,0,2,0,0,0,0,0,1,0,2,0,1,0,0,0,3,0,0,0,0,0,1,0,2,0,0,0,0,0,0,1,0,0,0,0,0,1,0,0,0,1,3,3,0,0,0,0,0,0,6,0,0,0,1,2,2,0,0,0
13397,0,0,0,0,0,0,1,6,0,2,0,0,0,2,0,0,0,0,0,0,0,0,0,0,2,0,0,0,0,5,1,2,0,0,2,0,0,0,0,5,0,1,0,1,0,0,1,2,0,0,0,0,0,1,0,0,0,0,1,0,2,0,0,0,2,0,0,0,0,2,9,0,0,0,0,0,0,16,0,0,0,0,3,0,0,2,0
13427,0,0,0,0,0,0,1,2,3,0,0,0,0,1,2,0,0,1,0,0,0,0,0,0,5,0,0,2,0,2,1,1,0,0,2,0,0,0,0,1,0,1,0,0,2,0,0,0,2,0,0,8,0,1,0,0,1,0,0,1,0,0,2,0,1,2,0,0,1,17,14,0,0,0,2,0,0,24,0,0,1,1,3,2,0,0,0
13743,1,0,0,0,0,1,3,0,0,0,0,0,0,4,2,0,1,0,1,0,0,1,0,0,2,0,0,4,0,28,2,0,0,0,0,0,0,0,1,4,0,0,2,2,0,2,0,0,0,0,0,0,0,1,0,0,0,0,0,0,1,0,0,0,2,9,0,0,0,18,12,0,0,0,0,0,0,16,0,0,0,0,4,1,1,0,0
13794,0,0,0,0,0,0,0,1,0,1,0,0,0,1,0,0,0,0,1,0,0,0,0,0,2,0,0,0,0,2,0,0,0,0,0,0,0,0,0,3,0,1,0,0,0,0,0,0,0,0,0,1,1,1,0,0,0,1,0,0,2,1,0,0,1,2,0,0,1,2,3,0,0,0,0,0,0,9,0,0,0,0,1,0,0,0,1
13798,0,0,0,0,0,2,3,3,0,3,0,0,0,3,2,0,0,0,1,0,0,0,0,0,7,0,0,5,0,1,0,2,0,0,0,0,0,2,1,6,0,2,0,3,2,0,0,0,1,0,0,1,0,1,0,0,0,0,0,0,0,0,0,0,3,1,0,1,2,1,8,0,1,1,0,0,0,28,0,0,0,0,3,0,0,0,0
14468,0,0,0,0,0,1,2,3,1,2,0,0,0,2,2,0,0,0,0,0,0,0,1,0,7,0,0,5,0,15,4,2,0,0,0,0,1,0,0,4,0,4,1,3,1,0,1,0,0,1,0,0,0,2,0,0,0,0,0,0,1,1,0,0,1,3,0,0,1,3,10,0,2,0,0,0,0,26,0,0,0,0,2,3,1,0,0
14609,0,0,0,0,0,1,1,1,0,1,1,0,0,2,0,0,0,0,1,0,0,0,1,0,5,0,0,0,3,0,0,1,0,0,0,0,3,1,0,2,0,3,0,0,2,0,0,0,0,0,0,0,0,0,0,0,0,0,0,0,0,0,0,0,1,1,0,0,1,3,1,0,3,1,0,0,0,23,0,0,0,1,3,0,0,0,0
14659,0,0,0,0,0,0,3,0,0,2,1,0,0,2,2,0,0,0,0,1,0,0,0,0,8,0,0,1,0,3,1,4,0,0,0,0,1,1,1,5,0,6,0,0,2,1,3,0,1,1,1,2,0,1,0,0,0,0,0,1,0,0,0,0,3,2,0,1,1,1,8,0,4,2,1,0,0,45,0,0,0,0,2,2,0,0,0
14666,0,0,0,0,0,4,5,7,9,9,1,1,0,4,7,0,0,0,0,0,0,0,1,1,27,0,0,14,1,26,1,1,0,0,1,1,1,1,0,10,1,3,1,7,2,1,9,0,0,4,0,4,0,1,0,0,2,0,0,2,1,2,3,0,4,7,0,1,2,20,21,0,3,0,1,0,0,60,0,0,0,1,5,5,0,0,0
14751,0,0,0,0,0,1,1,2,3,1,0,1,0,4,1,0,0,0,2,0,0,0,0,0,1,0,2,0,0,6,2,1,0,0,0,0,0,2,0,1,0,0,0,1,0,0,3,0,0,2,0,0,0,2,0,0,0,0,0,0,0,0,0,0,0,0,0,0,0,11,16,0,1,0,0,0,0,10,0,0,0,0,4,2,0,0,0
14877,0,0,0,0,0,1,0,3,3,0,0,1,0,2,2,0,0,0,0,0,0,0,1,0,0,0,0,0,0,4,0,0,0,1,1,0,0,0,0,3,0,0,1,0,0,0,0,1,0,1,0,1,0,0,0,0,0,0,0,0,0,1,5,0,2,1,0,0,2,2,3,0,0,0,0,0,0,9,0,0,0,1,2,1,0,0,0
14892,0,0,0,0,0,3,4,8,9,4,0,4,0,1,4,0,0,0,0,0,0,0,2,1,32,0,1,10,1,29,2,2,0,0,1,0,0,0,1,6,0,5,1,7,4,0,5,1,0,2,0,5,0,8,0,0,0,0,1,1,1,0,2,0,6,4,1,1,0,18,38,0,3,2,0,0,1,60,0,0,0,0,1,7,0,0,0
15048,0,0,0,0,0,0,0,0,2,0,0,0,0,1,1,0,1,0,3,0,0,0,0,0,0,0,0,0,0,0,0,0,0,0,0,0,1,4,0,2,0,1,0,0,0,0,0,0,0,0,0,1,0,0,0,0,0,0,1,0,0,0,0,0,0,0,0,0,1,0,2,0,0,0,0,0,0,2,0,0,0,0,1,0,0,0,0
15062,0,0,0,0,0,1,0,0,4,5,0,2,0,2,3,0,0,0,2,0,0,0,1,0,2,0,0,7,0,4,2,0,0,0,0,0,0,0,0,5,0,2,0,2,0,0,1,0,0,0,0,1,0,0,0,0,0,0,0,1,0,0,0,0,1,3,0,0,1,9,13,0,2,0,0,0,0,21,0,0,0,1,2,2,1,0,0
15077,0,0,0,0,0,0,0,0,0,1,0,0,0,1,0,0,0,0,0,0,0,0,0,0,0,0,0,2,1,0,0,0,0,0,2,0,0,2,0,1,0,0,0,0,0,0,0,0,0,0,1,0,0,0,0,0,0,1,0,0,0,0,0,0,0,1,0,0,0,1,1,0,0,0,0,0,0,4,0,0,0,0,1,0,0,0,0
15111,0,0,0,0,0,0,1,0,1,1,0,0,0,3,0,0,0,0,1,0,0,0,0,0,4,0,0,1,0,4,1,0,0,0,0,0,0,2,0,2,0,1,0,0,0,0,0,0,0,0,0,3,0,0,0,0,0,1,0,0,0,0,0,0,1,1,1,0,1,2,3,0,1,0,0,0,0,14,0,0,1,1,3,0,0,0,0
15133,0,0,0,0,0,2,0,3,0,2,0,0,0,2,1,0,0,0,2,0,0,0,2,2,4,0,0,1,0,3,0,1,0,1,0,0,0,1,1,3,0,1,1,0,1,2,0,1,0,2,1,0,0,1,0,0,1,0,0,2,0,0,0,1,2,0,0,0,2,1,10,0,3,3,2,0,0,25,0,0,0,0,2,1,0,0,0
15151,0,0,0,0,0,0,1,0,1,1,0,0,0,2,0,0,0,0,1,0,0,0,0,0,4,0,0,1,0,4,1,0,0,0,0,0,0,0,0,3,0,1,0,0,0,0,0,0,0,0,0,3,0,0,0,0,0,0,0,0,0,0,0,0,1,1,1,0,1,2,5,0,1,0,0,0,0,14,0,0,1,1,2,0,0,0,0
15157,8,0,0,0,2,3,12,17,23,30,0,6,0,5,16,0,1,2,0,0,0,0,3,0,49,0,0,21,3,47,0,7,2,0,4,0,4,0,1,38,0,10,4,4,18,2,12,2,1,1,5,28,2,9,0,0,1,2,0,7,0,0,2,1,10,6,1,1,2,31,60,1,13,6,7,0,1,60,0,0,0,1,6,38,1,0,0
15167,0,0,0,0,0,2,0,6,2,0,0,0,0,2,1,0,0,0,0,0,0,0,0,0,0,0,0,1,0,2,0,2,0,0,0,0,0,0,0,1,0,0,0,1,0,0,1,0,0,0,0,0,0,0,0,0,0,0,0,0,0,0,0,0,1,0,0,0,1,7,4,0,0,0,0,0,0,6,0,0,0,0,2,3,0,0,0
15205,0,0,0,0,0,2,5,3,4,5,1,0,0,1,4,0,0,0,1,0,0,0,2,0,3,0,0,10,0,22,0,2,3,0,0,0,1,0,2,9,0,5,0,0,0,6,0,1,0,3,1,1,1,3,0,0,1,0,0,0,2,0,0,0,3,9,0,0,0,1,25,0,0,0,2,0,0,38,0,0,0,0,1,3,0,1,0
15255,0,0,0,0,0,2,2,5,3,0,0,0,0,1,0,0,0,0,0,0,0,0,1,0,0,0,0,0,0,0,1,0,0,0,0,0,0,1,0,0,0,0,0,0,0,0,0,0,0,0,0,7,0,0,0,0,0,0,0,0,0,0,2,0,1,0,0,0,1,0,6,0,0,0,0,0,0,5,0,0,0,1,2,0,0,0,0
15256,3,0,0,0,2,4,11,12,24,13,1,6,0,4,16,0,0,1,0,0,0,0,1,0,30,1,0,9,1,56,3,3,1,0,1,0,0,1,2,20,0,4,5,1,9,1,5,1,4,3,4,26,1,6,0,0,0,0,1,5,1,0,5,1,7,4,1,1,2,23,60,1,5,4,8,0,0,60,0,0,0,2,7,24,1,0,0
15491,0,0,0,0,0,0,0,2,0,0,0,0,0,0,4,0,0,0,0,0,0,0,0,0,0,0,0,2,0,3,0,2,0,0,0,0,0,0,0,5,0,2,0,0,0,0,0,0,1,0,0,1,1,1,0,0,0,0,0,0,0,0,0,0,2,1,2,0,1,2,7,1,0,1,0,0,1,15,0,0,0,1,1,0,0,0,0
15599,0,0,0,0,0,1,1,0,2,1,0,0,0,2,1,2,0,0,0,0,0,0,1,0,0,0,0,0,0,1,2,3,0,0,0,0,1,3,0,1,0,2,0,1,0,0,1,0,0,0,0,4,0,0,0,0,0,0,0,0,0,2,0,0,1,0,0,0,1,1,1,0,0,0,0,0,0,12,0,0,1,0,2,0,0,0,0
15605,0,0,0,0,0,1,0,0,0,0,1,0,0,1,0,0,2,0,3,1,0,0,1,0,5,0,0,0,0,0,0,1,0,0,0,0,0,4,0,1,0,3,0,0,2,0,0,0,0,0,0,0,0,0,0,0,0,0,0,0,0,0,1,0,1,0,0,0,1,3,1,0,3,2,0,0,0,22,0,0,0,0,1,1,0,0,0
15717,0,0,0,0,0,2,1,1,1,1,2,0,0,1,1,0,1,0,1,0,0,0,0,0,14,0,0,2,1,2,0,4,0,0,1,0,5,5,0,1,0,10,0,0,2,0,0,0,0,0,0,0,0,1,0,0,0,1,0,0,0,0,0,0,2,0,0,0,0,1,7,0,3,2,0,0,1,47,0,0,0,0,1,1,0,0,0
15796,0,0,0,0,0,1,0,3,0,0,0,1,0,1,1,0,1,0,2,0,0,0,0,0,1,0,0,3,1,1,0,0,0,0,0,0,1,2,0,1,0,1,0,0,0,0,0,0,0,1,0,0,0,0,0,0,0,0,0,0,0,0,0,0,1,0,0,0,0,1,0,0,1,0,0,0,0,11,0,0,0,0,1,0,0,0,0
16136,1,0,0,0,0,0,1,4,3,1,0,0,0,1,2,0,0,0,0,0,0,0,0,0,0,0,0,0,0,0,1,0,0,0,0,0,0,0,1,2,0,1,0,2,0,0,1,0,0,0,0,9,0,0,0,0,0,0,0,0,0,0,1,0,1,3,0,0,1,2,6,0,0,0,1,0,1,10,0,0,0,1,3,0,0,0,0
16175,0,0,0,0,0,0,1,0,0,0,0,0,0,1,0,0,0,0,0,0,0,0,0,0,0,0,0,0,0,1,0,0,0,0,0,0,0,5,0,0,0,0,0,0,1,0,0,0,0,0,1,0,0,0,0,0,0,0,0,0,0,0,0,0,0,1,0,0,0,0,1,0,0,0,0,0,0,2,0,0,0,0,1,0,0,0,0
16314,0,0,0,0,0,1,3,3,1,5,0,0,0,4,4,0,0,0,0,0,0,0,2,0,5,0,0,3,0,8,0,1,0,0,3,1,0,1,2,8,0,3,0,5,1,0,0,0,0,1,1,0,0,2,0,0,0,0,0,0,0,1,0,0,2,1,0,0,1,5,10,0,1,1,1,0,0,33,0,0,0,1,4,2,0,0,0
16565,0,0,0,0,0,0,0,0,0,1,2,0,0,4,0,0,0,0,1,0,0,0,0,0,9,0,0,0,1,0,0,2,0,0,0,0,1,4,0,1,1,3,0,0,1,0,0,0,0,0,1,0,0,1,0,0,0,0,0,0,0,0,0,0,2,0,0,0,1,0,2,0,5,1,0,0,0,40,0,0,0,0,4,0,0,0,0
16581,1,0,0,0,2,2,3,6,5,4,0,0,0,4,4,0,0,0,0,0,0,0,0,0,8,0,0,8,0,32,1,2,0,0,2,0,1,0,0,9,0,2,0,4,0,0,10,0,0,0,0,2,0,2,0,0,0,0,0,1,0,0,2,1,3,8,1,0,1,17,23,1,1,1,2,0,0,41,0,0,0,0,5,3,0,0,0
16635,0,0,0,0,0,1,0,0,1,5,1,0,0,4,0,0,2,0,5,0,0,0,1,0,1,0,0,3,0,1,2,4,0,0,1,1,0,2,1,3,0,1,0,0,0,0,0,0,0,0,0,0,0,0,1,0,0,0,0,0,0,1,0,0,3,1,1,0,1,3,11,0,0,1,1,0,0,20,0,0,0,0,4,2,0,0,0
16796,0,0,0,0,0,2,4,3,5,0,0,0,0,1,2,0,0,0,1,0,0,0,0,0,6,0,0,0,0,2,2,2,0,0,0,0,0,0,0,0,0,1,0,1,0,0,0,0,0,0,0,40,0,1,0,0,0,0,0,2,0,0,0,0,1,1,0,1,1,5,27,0,0,0,5,0,0,26,0,0,0,0,2,2,0,0,0
16894,0,0,0,0,0,2,1,5,0,2,0,0,0,5,2,0,0,0,0,0,0,1,2,1,4,0,0,0,0,5,2,1,0,1,1,0,0,0,0,3,0,1,2,0,1,0,0,0,2,1,0,17,0,2,0,0,0,0,0,1,0,1,0,0,1,3,1,1,1,9,20,0,0,0,5,0,0,18,0,0,0,0,5,2,0,0,0
17344,0,0,0,0,0,2,1,2,1,3,2,0,0,2,1,0,1,0,1,0,0,0,0,0,6,0,0,2,0,3,0,1,0,0,0,0,1,1,1,3,0,3,1,0,1,1,0,1,0,0,3,0,0,0,0,0,0,0,0,0,0,0,0,1,2,1,0,0,2,3,4,0,2,2,0,0,0,36,0,0,0,0,2,3,0,0,0
17378,2,0,0,0,4,2,4,5,9,15,2,5,0,3,10,0,0,0,2,0,0,0,0,0,38,0,0,15,1,41,1,2,0,0,4,1,4,0,2,21,0,10,2,5,11,0,8,1,2,0,0,4,1,3,0,1,2,0,7,1,2,0,2,1,8,8,0,0,1,26,30,0,5,0,3,0,0,60,0,0,0,0,4,5,0,1,0
17392,0,0,0,0,0,2,0,2,0,1,0,0,0,4,0,0,0,0,0,0,0,0,0,0,0,0,0,2,0,4,1,1,0,0,0,0,0,0,0,1,0,1,0,0,0,0,0,0,0,0,0,0,1,1,0,0,0,0,1,0,0,0,0,0,1,2,0,0,1,1,3,0,0,0,0,0,0,10,0,0,0,1,4,0,0,0,0
17406,0,0,0,0,1,1,1,0,0,2,0,1,0,2,1,0,1,0,2,0,0,0,0,1,3,0,0,0,0,3,1,1,0,0,0,0,4,0,0,4,0,7,0,2,0,0,0,0,0,1,0,2,0,2,0,0,0,0,0,0,0,0,0,0,1,1,0,0,1,4,4,0,1,0,1,0,0,23,0,0,0,0,2,2,0,0,0
17470,0,0,0,0,0,0,0,0,0,0,0,0,0,0,0,0,0,0,0,0,0,0,0,0,0,0,0,0,0,0,0,0,0,0,0,0,2,3,0,0,0,2,0,0,0,1,0,0,0,0,0,0,0,1,0,0,0,0,0,0,0,0,0,0,0,0,0,0,0,0,2,0,0,0,0,0,0,7,0,0,0,0,0,1,0,0,0
17768,0,0,0,0,0,3,1,5,2,1,1,0,0,1,0,0,0,0,2,0,0,0,1,0,2,0,0,0,0,1,2,2,0,0,1,0,0,0,0,0,0,0,0,0,0,0,0,0,0,0,0,21,0,0,0,0,0,0,0,1,2,0,1,0,1,0,0,0,1,1,17,0,0,0,0,0,0,18,0,0,0,0,2,3,0,0,0
17863,6,0,0,0,7,8,5,41,19,29,0,8,0,7,12,0,1,0,3,0,0,0,2,0,60,0,0,25,1,31,6,12,4,0,4,0,12,0,5,36,0,22,2,4,22,0,38,1,4,1,3,7,1,8,0,0,2,0,3,6,1,1,5,0,16,3,2,1,2,60,60,0,12,5,6,0,0,60,0,0,0,0,8,20,0,0,0
17899,0,0,0,0,0,0,0,0,0,2,0,0,0,4,0,0,0,0,1,0,0,0,0,1,0,0,0,2,0,2,0,3,0,0,0,0,0,0,0,3,1,0,0,1,0,0,0,0,0,1,0,4,0,0,0,0,0,0,2,0,0,0,0,0,2,3,0,0,0,10,4,0,0,0,1,0,0,10,0,0,0,0,4,4,0,0,0
17962,10,0,0,0,5,1,3,22,14,7,0,4,0,7,10,0,1,0,2,0,0,0,0,0,28,0,0,23,0,29,5,16,5,0,3,0,8,0,5,19,0,14,2,5,7,1,32,1,3,0,2,4,0,7,0,0,1,0,2,1,0,3,5,0,6,5,1,1,1,60,52,0,9,4,5,0,0,60,0,0,0,0,7,11,0,1,0
17965,11,0,0,0,6,5,4,29,16,14,0,4,0,7,8,0,1,0,2,0,0,0,1,0,47,0,0,23,0,33,5,10,5,0,3,0,12,0,4,22,0,19,3,6,9,1,33,2,4,1,3,2,1,6,0,0,1,0,2,5,0,1,6,0,8,6,2,1,2,60,47,0,9,5,3,0,0,60,0,0,0,0,7,11,0,1,0
18096,0,0,0,0,0,2,1,1,1,0,1,0,0,2,0,0,0,0,0,0,0,0,0,0,13,0,0,0,0,1,0,2,0,0,1,0,1,1,1,1,1,5,0,0,2,0,0,0,0,0,1,0,0,2,0,0,0,0,0,0,0,0,0,0,1,3,0,0,1,1,7,0,4,1,0,0,0,41,0,0,0,0,2,1,0,1,0
18105,0,0,0,0,1,0,2,2,5,0,0,0,1,1,1,0,0,0,2,0,0,0,1,1,2,0,0,0,0,1,2,2,0,0,1,0,0,0,0,2,0,0,0,0,0,0,0,0,0,1,0,7,0,0,0,0,1,0,1,0,1,0,1,0,2,0,0,0,0,1,9,0,0,0,0,0,0,14,0,0,0,0,2,1,0,0,0
18272,1,0,0,0,0,0,0,0,2,6,0,0,0,2,1,0,0,0,2,0,0,0,0,0,2,0,0,1,0,10,1,1,0,0,1,0,0,0,3,2,0,1,1,0,2,1,6,0,0,0,0,2,0,1,0,0,0,0,0,0,0,0,0,0,3,3,0,0,0,18,8,0,0,0,0,0,0,18,0,0,0,0,2,2,0,0,0
18300,1,0,0,0,2,2,1,7,8,12,0,3,0,4,3,0,1,1,0,0,0,0,2,0,14,0,0,7,1,10,0,3,2,0,1,0,4,1,0,14,0,4,1,3,5,0,5,0,0,0,0,10,0,1,0,0,1,0,1,0,1,0,1,0,5,0,0,0,2,38,24,0,2,0,3,0,0,60,0,0,0,2,8,7,1,0,0
18408,0,0,0,0,0,0,0,0,0,0,0,0,0,1,0,0,0,0,0,0,0,0,0,0,0,0,0,0,0,0,0,0,0,0,0,0,0,5,0,0,0,0,0,0,0,0,0,0,0,0,0,0,0,0,0,0,0,0,0,0,0,0,0,0,0,0,0,0,0,0,0,0,0,0,0,0,0,2,0,0,0,0,1,0,0,0,0
18448,0,0,0,0,0,0,0,0,1,0,0,0,0,1,0,0,0,0,1,0,0,0,0,0,0,0,0,0,0,0,0,1,1,0,0,0,0,2,0,0,0,0,0,0,0,0,0,0,0,0,0,0,0,0,0,0,0,0,0,0,0,0,0,0,0,0,0,0,0,2,1,0,0,0,0,0,0,3,0,0,0,0,1,0,0,0,0
18540,0,0,0,0,0,0,0,0,1,3,0,0,0,3,0,0,5,1,7,2,0,0,0,0,1,0,0,0,0,2,5,0,0,0,0,0,1,2,2,3,1,4,0,0,0,0,0,0,0,0,0,0,0,0,0,0,0,1,0,1,2,0,0,0,0,2,0,1,0,8,3,0,0,0,0,0,0,16,0,0,0,0,3,0,0,0,0
18578,0,0,0,0,1,2,1,6,6,4,0,1,0,4,3,0,0,1,0,0,0,0,0,0,24,0,0,9,0,18,0,2,0,0,0,0,2,0,0,4,0,4,1,0,6,0,4,0,0,2,0,14,0,2,0,0,1,0,1,1,0,1,1,1,3,4,0,0,2,22,25,0,6,1,1,0,0,60,0,0,1,1,6,5,0,0,0
18706,1,0,0,0,0,2,1,3,4,1,0,0,0,5,4,0,1,1,0,0,0,0,0,0,5,0,0,2,0,12,1,2,0,0,1,0,1,0,1,5,0,4,1,0,1,0,1,0,0,0,0,8,0,4,0,0,1,0,0,1,0,0,2,0,2,5,0,0,1,8,16,0,1,0,1,0,0,25,0,0,0,0,5,5,0,0,0
18716,0,0,0,0,1,0,0,2,2,4,1,2,0,3,2,0,0,0,2,0,0,0,1,0,1,0,0,3,0,3,4,1,0,0,1,0,2,1,1,4,0,4,1,1,2,1,1,0,0,0,0,1,0,1,0,0,0,1,1,0,0,0,0,0,2,3,1,0,1,6,7,0,0,0,0,0,0,28,0,0,0,0,3,3,0,0,0
18761,0,0,0,0,0,1,0,2,0,2,1,1,0,3,4,0,1,0,3,1,0,0,0,0,0,0,0,1,0,2,0,0,0,0,0,0,3,5,0,2,0,3,0,0,0,0,0,0,0,0,0,0,0,1,0,0,0,0,0,0,3,0,0,0,1,1,1,0,0,2,10,0,0,0,0,0,0,13,0,0,0,0,3,0,0,0,0
18877,1,0,0,0,0,1,1,7,2,9,0,0,0,8,1,0,0,0,0,0,0,0,1,0,10,0,0,5,0,11,7,6,0,0,1,0,1,6,2,6,0,3,1,5,5,1,6,1,0,2,0,4,0,1,0,0,0,1,0,0,2,0,1,0,5,1,0,2,2,60,19,0,2,0,1,0,1,54,0,0,0,1,8,16,1,1,0
18938,0,0,0,0,0,0,0,0,0,0,0,0,0,1,0,0,0,0,0,0,0,0,0,0,0,0,0,0,0,0,0,0,0,0,0,0,0,5,0,0,0,0,0,0,0,0,0,0,0,0,0,0,0,0,0,0,0,0,0,0,0,0,0,0,0,0,0,0,0,2,0,0,0,0,0,0,1,1,0,0,0,0,1,0,0,0,0
19202,0,0,0,0,0,0,1,1,1,1,0,0,0,0,0,0,0,0,0,0,0,1,1,0,0,0,0,0,0,0,2,1,0,0,0,0,0,4,0,2,0,2,0,0,0,0,0,0,0,0,0,0,0,1,0,0,0,0,0,0,1,0,0,0,0,0,1,0,1,3,4,0,0,0,1,0,0,11,0,0,0,1,1,0,0,0,0
19258,1,0,0,0,0,2,1,2,1,3,0,1,0,3,1,0,1,0,1,0,0,0,0,0,3,0,0,2,0,9,1,3,0,0,0,0,0,3,0,3,1,3,0,4,0,0,0,1,1,0,0,3,0,0,0,0,0,0,0,0,0,0,0,0,1,1,0,0,2,2,5,0,0,0,0,0,0,27,0,0,0,1,3,2,0,1,0
19354,0,0,0,0,0,1,0,0,1,0,1,0,0,3,0,0,0,0,0,0,0,0,0,0,5,0,0,3,0,5,0,1,0,0,0,0,1,0,1,0,0,2,0,0,0,0,0,1,0,0,0,0,0,1,0,0,0,0,0,0,0,0,1,0,1,0,0,1,1,1,7,0,1,1,0,0,0,18,0,0,0,1,3,1,0,0,0
19506,1,0,0,0,1,1,1,1,1,1,0,0,0,1,1,0,0,0,0,0,0,0,0,0,1,0,0,2,0,0,0,0,0,0,0,0,0,0,0,2,0,0,0,0,1,0,0,0,0,0,0,6,0,0,0,0,0,0,0,0,0,1,0,0,1,2,0,0,0,1,4,0,0,0,0,0,0,9,0,0,0,1,2,2,0,1,0
19609,6,0,0,0,3,1,1,2,13,8,2,6,0,9,6,0,1,0,2,0,0,0,1,0,20,1,2,3,1,8,1,6,0,0,3,0,5,0,3,22,0,10,1,1,4,0,23,0,2,5,1,2,2,6,0,0,3,0,3,2,0,2,0,0,2,5,1,0,0,17,41,0,5,1,2,0,2,60,0,0,0,0,11,6,0,0,0
19717,0,0,0,0,0,3,2,4,0,1,0,0,0,1,0,0,1,0,3,0,0,0,1,1,2,0,0,3,0,4,2,0,0,0,3,0,0,0,0,2,0,1,0,0,0,0,1,0,1,1,1,2,0,0,0,0,0,0,0,0,0,0,0,0,0,0,0,0,1,0,4,0,0,0,0,0,0,16,0,0,0,1,2,0,0,0,0
19743,0,0,0,0,0,1,1,0,5,0,1,0,0,3,2,0,0,0,1,0,0,1,1,0,1,1,0,0,0,1,0,1,0,0,1,0,0,1,0,1,0,0,0,0,0,1,0,0,0,0,1,17,0,1,0,0,0,0,1,0,1,1,1,0,1,0,0,0,1,1,12,0,1,0,0,0,0,15,0,0,0,1,4,1,0,0,0
19747,0,0,0,0,0,1,2,2,1,1,0,0,0,3,3,0,0,0,0,0,0,1,1,0,4,0,0,1,0,0,0,0,0,0,0,0,0,1,0,5,0,0,0,0,0,1,0,0,1,0,2,10,0,0,0,0,0,0,0,0,0,1,1,0,1,0,0,0,0,3,11,0,0,0,0,0,0,22,0,0,0,0,4,0,0,0,0
19807,1,0,0,0,3,9,7,10,12,17,1,5,0,6,8,0,2,1,2,1,0,0,2,3,48,0,1,16,2,52,0,8,1,0,4,0,4,1,2,28,0,8,1,12,8,2,13,1,3,4,0,8,1,8,0,0,0,0,3,4,0,0,3,0,6,9,0,0,2,17,42,0,9,3,4,0,0,60,0,0,1,1,7,10,0,1,0
19813,1,0,0,0,2,8,7,10,13,12,1,4,0,7,6,0,2,1,2,1,0,0,3,2,39,1,1,15,2,50,0,7,1,0,5,0,6,3,2,20,0,10,1,12,7,2,12,1,3,3,0,7,1,8,0,0,0,0,3,4,1,1,4,0,6,10,0,0,2,14,43,0,9,3,4,0,0,60,0,0,1,1,8,10,0,1,0
19830,1,0,0,0,0,0,1,0,0,1,1,0,0,1,0,0,0,0,1,0,0,0,0,0,1,0,0,0,0,1,1,0,0,0,0,0,0,0,0,1,0,1,0,0,0,0,0,0,0,0,0,0,0,0,0,0,0,0,0,0,0,1,0,0,0,0,0,0,0,1,2,0,0,0,1,0,0,7,0,0,0,0,1,0,0,1,0
19844,0,1,0,0,0,5,2,1,4,1,0,6,0,12,6,0,0,11,0,1,0,0,0,0,15,0,0,0,1,0,0,1,0,0,1,0,0,0,0,2,0,2,1,0,0,1,1,0,0,1,0,0,0,2,0,0,0,0,0,2,0,0,9,0,2,0,0,1,1,1,18,0,5,1,1,0,0,57,0,0,0,1,14,11,0,0,0
19851,1,0,0,0,1,0,2,2,1,5,0,1,0,4,1,0,2,0,3,0,0,0,1,1,1,0,0,1,0,7,2,10,0,0,0,0,2,3,2,7,0,6,0,1,1,2,2,3,1,1,0,3,1,2,0,0,0,0,0,0,1,0,2,0,0,1,0,1,0,5,10,0,0,0,2,0,0,36,0,0,0,0,4,1,0,1,0
19860,0,0,0,0,0,1,0,0,0,0,1,1,0,2,1,0,0,0,1,1,0,0,1,0,11,0,0,0,0,3,2,1,0,0,0,0,1,3,0,2,1,5,0,0,1,2,0,0,0,0,3,0,0,0,0,0,0,1,0,0,0,0,0,0,1,0,0,0,1,0,5,0,2,0,0,0,0,30,0,0,0,0,2,0,0,0,0
19972,1,0,0,0,1,2,2,3,2,10,0,0,0,1,2,0,1,0,1,0,0,0,0,0,11,0,0,2,1,7,1,3,0,0,1,0,0,0,2,9,0,4,0,0,1,1,1,1,0,1,0,1,0,3,0,0,0,0,0,0,1,0,1,0,0,1,0,0,1,7,19,0,2,1,1,0,0,41,0,0,0,0,1,3,0,0,0
20097,4,0,0,0,13,5,1,27,20,13,0,1,0,4,13,0,2,0,1,0,0,0,0,0,60,0,0,9,3,20,1,3,3,0,6,0,9,1,8,20,0,15,2,4,20,0,30,0,2,1,0,6,0,5,0,0,1,2,3,4,0,2,2,0,3,5,0,0,0,30,41,0,13,1,3,0,1,60,0,0,0,0,8,4,2,0,0
20102,6,0,0,0,9,3,1,20,19,17,0,0,0,4,15,0,1,0,0,0,0,0,8,0,60,0,0,12,3,16,1,6,4,0,4,1,6,0,6,18,0,13,0,2,38,0,38,0,2,6,0,6,0,4,0,0,2,1,8,4,0,4,2,0,2,3,0,0,0,32,37,0,21,2,5,0,0,60,0,0,0,0,8,5,2,0,0
20116,7,0,0,0,5,8,5,14,23,25,0,1,0,0,12,0,3,0,1,0,0,0,6,0,60,0,1,9,2,24,4,10,3,0,5,0,9,1,7,34,0,29,0,1,48,4,39,0,3,5,1,14,1,6,0,0,2,1,6,8,0,2,5,0,4,1,1,0,1,34,56,0,26,6,3,0,0,60,0,0,0,0,1,14,0,0,0
20122,0,0,0,0,12,0,0,0,2,10,0,3,0,2,2,0,0,1,0,0,0,0,2,0,6,0,0,16,0,50,0,1,1,0,1,0,6,0,10,7,0,6,0,0,5,0,22,1,0,0,0,2,0,1,0,0,0,0,2,1,0,1,2,0,1,4,0,0,0,4,7,0,0,0,2,0,0,29,0,0,0,0,8,4,4,0,0
20153,4,0,0,0,1,15,7,10,25,19,0,5,0,14,22,0,1,0,0,0,0,0,1,0,34,0,0,19,0,26,0,7,6,0,4,0,2,0,2,24,0,2,2,4,9,1,18,0,2,14,0,9,0,25,0,0,1,2,2,3,1,1,0,0,5,2,0,6,2,3,60,1,18,1,9,0,2,60,0,0,0,1,27,15,0,0,0
20184,5,0,0,0,12,1,5,6,21,10,0,4,0,10,11,0,0,0,1,0,0,0,1,0,33,0,0,30,2,60,0,0,6,0,1,0,5,0,2,15,0,5,2,0,8,1,35,1,3,0,0,6,0,8,0,0,3,0,2,6,0,2,3,0,3,5,0,0,1,18,44,0,11,0,4,0,0,60,0,0,0,0,14,17,0,0,0
20257,0,0,0,0,0,3,2,2,1,4,0,0,0,5,2,0,0,1,1,1,0,0,3,1,2,0,0,1,0,11,2,3,0,1,1,0,1,0,1,12,0,2,1,2,0,1,0,1,0,1,0,4,2,2,0,0,1,0,0,0,2,0,0,0,2,6,1,1,1,5,24,0,0,0,0,0,0,22,0,0,1,0,5,5,0,0,0
20265,0,0,0,0,0,3,2,2,1,4,0,0,0,4,3,0,0,1,1,1,0,0,3,1,2,0,0,2,0,5,2,1,0,0,1,0,1,0,3,7,0,1,0,2,0,1,0,1,0,1,1,3,1,2,0,0,1,0,0,0,0,0,0,0,2,4,0,0,0,2,21,0,0,0,0,0,0,17,0,0,1,1,5,5,0,0,0
20275,3,0,0,0,23,2,4,2,43,23,0,10,0,0,24,0,0,0,0,0,0,0,8,1,60,0,2,10,0,45,1,5,0,0,5,0,20,0,9,33,0,32,1,0,36,2,20,1,4,3,0,21,0,11,0,0,5,0,10,6,2,3,0,0,1,4,0,1,0,18,60,0,19,6,4,0,2,60,0,0,0,0,7,17,0,0,0
20281,1,0,0,0,0,1,2,3,2,4,0,0,0,1,3,0,1,0,2,2,0,0,0,0,3,1,0,1,0,5,1,4,0,0,2,0,0,2,1,5,0,1,0,2,3,0,0,1,2,0,0,2,0,0,0,0,0,1,1,1,2,1,0,0,1,1,0,0,1,4,6,0,1,0,0,0,1,38,0,0,0,0,1,2,0,0,0
20321,0,0,0,0,0,0,0,0,0,0,0,0,0,3,0,0,0,0,0,0,0,0,0,0,1,0,0,0,0,0,0,0,0,0,1,0,0,0,1,1,0,0,0,0,0,1,0,1,0,0,0,0,0,0,0,0,0,0,0,0,0,0,0,0,0,0,0,0,0,1,1,0,0,0,0,0,0,5,0,0,0,0,3,1,0,0,0
20366,0,0,0,0,0,1,0,0,2,3,0,0,0,5,3,0,1,0,1,0,0,0,0,0,34,0,0,1,0,0,0,1,0,0,1,0,1,0,2,5,0,1,0,0,1,2,1,0,1,0,0,2,0,2,0,0,0,0,0,1,0,0,1,0,1,0,0,0,0,6,12,0,2,1,2,0,0,52,0,0,0,0,7,2,0,0,0
20429,0,0,0,0,1,0,1,1,2,0,0,0,0,1,0,0,1,0,1,0,0,0,1,0,3,0,0,0,0,2,0,5,0,0,3,0,0,0,0,2,0,0,0,0,0,0,0,0,0,0,0,1,0,1,0,0,0,0,0,0,1,0,0,0,1,1,0,0,1,4,7,0,0,0,0,3,0,24,0,0,0,0,1,1,0,0,0
20441,11,0,0,0,1,4,10,7,4,8,0,5,0,6,12,0,1,0,1,0,0,0,1,0,48,0,0,23,2,49,4,36,0,0,5,0,5,1,2,15,0,17,1,11,7,1,24,0,0,1,0,1,0,7,0,0,1,1,1,3,2,0,3,0,3,3,1,0,1,60,31,0,7,1,2,0,1,60,0,0,0,1,6,22,0,0,0
20447,6,0,0,0,1,1,7,8,7,9,1,0,0,2,3,0,2,0,0,0,0,0,0,1,30,0,0,15,0,35,0,26,1,0,0,0,5,1,2,10,0,6,2,7,8,1,11,0,2,2,1,2,1,4,0,0,1,2,0,1,2,0,3,0,2,3,0,1,1,60,31,0,7,0,1,0,2,60,0,0,0,1,4,9,0,0,3
20473,10,0,0,0,1,5,7,6,3,7,0,4,0,7,12,0,2,0,1,0,0,0,2,0,35,0,0,16,2,48,4,29,0,0,4,0,4,1,3,12,0,18,1,7,4,1,18,0,0,2,0,1,0,6,0,0,1,1,1,2,1,0,3,0,4,3,1,0,2,60,29,0,7,1,2,0,1,60,0,0,0,1,7,19,0,0,0
20590,1,0,0,0,0,1,1,0,0,6,0,0,0,4,1,0,0,0,1,0,0,0,0,0,3,0,0,0,0,0,0,2,0,0,1,0,0,0,0,3,0,1,0,0,0,0,0,0,0,0,0,0,0,0,1,0,0,0,0,0,2,0,0,0,1,3,0,0,1,4,5,0,2,0,0,0,0,15,0,0,0,0,4,1,0,0,0
20631,1,0,0,0,0,0,1,0,2,0,0,0,0,3,3,0,0,0,2,0,0,0,0,0,5,0,0,1,0,1,3,4,0,0,0,0,3,3,2,3,0,4,0,2,0,0,0,2,1,0,3,1,1,4,0,0,0,2,0,0,1,0,1,0,1,0,0,0,0,6,18,0,0,0,2,0,2,31,0,0,0,2,5,1,0,0,0
20675,1,0,0,0,1,4,3,7,3,15,1,0,0,7,3,0,1,0,3,0,0,0,3,0,6,0,0,6,0,37,1,4,0,0,1,0,3,0,4,22,0,7,0,1,3,1,5,0,0,1,0,3,1,5,0,0,1,0,0,0,2,0,1,0,1,6,0,1,0,5,20,0,2,0,7,0,0,60,0,0,0,0,8,3,0,0,0
20692,0,0,0,0,0,0,2,1,0,3,0,0,0,2,1,0,0,0,0,0,0,0,3,0,2,0,0,3,0,18,0,0,0,0,1,0,2,0,1,4,0,2,1,0,0,1,2,0,1,1,0,2,0,1,0,0,0,1,0,0,0,1,0,0,1,3,0,0,1,1,4,0,0,0,2,0,1,17,0,0,0,0,4,0,1,0,0
20698,0,0,0,0,0,4,0,6,1,13,1,0,0,2,4,0,0,0,3,0,0,0,2,0,6,0,0,4,1,9,1,1,0,0,1,0,0,0,0,13,0,1,0,1,1,2,0,1,0,3,0,1,2,0,0,0,0,0,1,1,2,0,0,0,2,4,0,1,1,5,9,0,2,0,3,0,0,32,0,0,0,0,2,0,0,0,0
20807,0,0,0,0,0,0,1,0,0,0,0,0,0,2,0,0,0,0,0,0,0,0,0,0,0,0,0,1,0,4,0,2,0,0,0,0,0,0,0,1,0,1,0,0,0,0,0,0,0,0,0,0,0,0,0,0,0,0,0,0,0,0,0,0,0,0,0,0,0,0,1,0,0,0,0,0,0,6,0,0,0,0,2,1,0,0,0
20816,3,0,0,0,1,5,6,8,3,7,2,1,0,8,6,0,0,0,0,0,0,0,1,2,19,1,0,16,0,41,1,4,0,0,2,0,1,1,5,18,0,7,3,8,4,1,7,3,2,6,0,3,2,6,0,0,0,1,2,1,1,1,0,0,3,10,0,2,2,9,23,0,4,3,1,0,1,60,0,0,0,1,9,5,0,3,0
20902,0,0,0,0,0,2,0,2,0,2,0,0,0,3,1,0,0,0,1,0,0,0,0,0,1,0,0,1,0,3,1,0,0,0,1,0,0,0,1,1,0,1,0,1,0,0,0,0,0,0,0,0,0,0,0,0,0,0,0,0,0,0,0,0,0,1,0,0,1,0,1,0,1,0,0,0,1,12,0,0,0,1,3,1,0,0,0
20911,0,0,0,0,1,2,1,2,3,2,1,0,0,3,1,0,0,0,0,0,0,0,0,0,1,0,0,0,0,0,1,0,0,0,1,0,1,1,1,5,0,1,0,1,0,1,0,0,0,1,0,0,0,0,0,0,0,0,0,3,0,0,0,0,1,0,1,1,1,0,3,1,0,0,0,0,0,13,0,0,0,0,3,0,0,0,0
20926,3,0,0,0,1,0,0,0,0,1,0,0,0,4,1,0,0,0,2,0,0,0,0,0,0,1,0,2,0,7,1,0,0,0,0,0,5,2,0,3,0,5,0,0,0,0,0,0,1,0,0,0,0,0,0,0,0,2,1,0,1,1,0,0,0,2,0,0,0,7,3,1,0,0,0,0,1,13,0,0,0,1,5,2,0,0,0
20931,2,0,0,0,3,4,3,5,6,10,1,3,0,7,4,0,1,0,1,0,0,0,3,0,2,0,0,10,0,27,1,3,2,0,3,0,2,0,6,16,0,4,1,4,1,1,16,1,2,3,0,2,1,4,0,0,0,0,1,1,0,0,1,0,1,3,0,1,3,20,20,0,0,0,1,0,0,39,0,0,0,1,10,6,0,0,0
20976,0,0,0,0,0,4,1,1,0,3,2,0,0,1,0,0,0,0,0,0,0,0,1,0,1,0,0,1,0,1,1,1,0,0,1,0,0,1,0,5,0,1,0,1,0,0,0,1,2,1,0,0,1,0,0,0,0,1,0,0,3,0,0,0,0,0,0,0,1,1,4,0,0,0,0,0,0,19,0,0,0,0,1,1,0,0,0
20999,0,0,0,0,0,0,0,0,1,0,0,0,0,1,0,0,0,0,1,0,0,0,0,0,0,0,0,1,0,0,1,2,0,0,0,0,0,1,0,1,0,0,0,0,0,0,0,0,0,1,0,0,0,0,0,0,0,0,0,1,0,0,0,0,0,0,0,1,0,0,2,0,0,0,0,0,0,2,0,0,0,1,2,0,0,0,0
21000,4,0,0,0,5,3,3,29,13,15,1,1,0,1,6,0,0,1,0,0,0,0,1,0,18,0,0,15,1,43,3,2,4,0,1,0,4,1,16,19,0,6,4,9,3,1,30,0,1,2,0,3,1,4,0,0,0,1,2,1,0,1,1,0,1,7,0,0,1,39,28,0,4,1,6,0,1,60,0,0,0,0,5,7,2,0,0
21053,0,0,0,0,0,1,1,0,0,0,0,0,0,1,0,0,0,0,0,0,0,0,2,0,0,0,0,0,0,1,1,0,0,0,1,0,0,0,0,0,0,0,0,0,0,0,0,0,0,0,0,0,0,0,0,0,0,0,0,0,0,0,0,0,0,0,0,0,1,1,1,0,0,0,0,0,0,11,0,0,0,1,2,0,0,0,0
21135,1,0,0,0,0,3,4,3,2,6,1,1,0,2,2,0,0,0,2,0,0,0,1,0,10,0,0,3,1,6,2,2,0,0,3,0,2,3,1,8,0,4,0,5,1,1,2,1,0,0,0,0,1,1,0,0,0,0,0,0,1,0,0,0,1,0,0,0,1,6,14,0,2,2,1,0,0,51,0,0,0,1,2,2,0,1,0
21136,0,0,0,0,0,3,1,3,0,3,0,0,0,3,1,0,0,0,1,0,0,0,0,0,0,0,0,1,0,5,3,2,0,0,2,0,1,0,1,2,0,3,0,1,1,1,0,0,0,1,0,2,0,0,0,0,0,0,0,0,1,0,1,0,1,0,1,0,1,2,1,0,0,0,1,0,0,15,0,0,0,0,4,4,0,0,0
21160,0,0,0,0,0,3,2,4,0,2,0,0,0,2,1,0,0,0,0,0,0,0,1,0,0,0,1,2,0,2,2,2,0,0,0,0,0,0,0,3,0,0,0,1,0,1,0,1,1,2,0,0,0,0,0,0,0,0,0,0,0,0,0,0,1,3,0,1,1,4,3,0,1,0,1,0,0,18,0,0,0,1,3,2,0,0,0
21204,0,0,0,0,1,3,3,1,0,2,4,0,0,11,3,0,0,0,0,0,0,0,2,0,1,0,0,0,0,11,1,4,0,0,0,0,0,1,0,6,0,3,1,1,0,0,1,0,1,0,0,1,0,2,0,0,0,0,0,0,1,0,1,0,1,1,0,0,2,3,8,0,0,0,0,0,0,18,0,0,1,1,12,2,0,0,0
21206,3,0,0,0,0,0,0,0,0,2,1,0,0,7,1,0,2,0,4,0,0,0,1,0,1,0,0,1,0,3,2,1,0,0,0,0,0,0,1,1,0,1,1,3,0,0,0,0,0,0,0,0,0,1,0,0,0,2,0,0,3,0,0,0,0,0,0,0,0,3,2,0,0,0,0,0,2,20,0,0,0,0,8,0,0,0,0
21216,0,0,0,0,0,1,3,1,0,1,1,1,0,8,0,0,0,0,2,0,0,0,0,1,5,0,0,3,0,4,1,3,0,0,2,0,1,0,0,3,0,3,0,1,2,1,2,1,1,3,0,1,0,0,0,0,0,0,1,0,1,0,0,0,1,1,0,0,0,0,5,0,0,0,0,0,0,31,0,0,0,0,8,1,0,0,0
21230,1,0,0,0,0,0,1,0,0,2,0,0,0,3,1,0,1,0,1,0,0,0,0,0,0,0,0,2,0,6,3,0,0,0,0,0,0,0,0,4,0,2,1,0,0,0,0,0,0,0,0,0,0,1,1,0,0,0,0,0,1,0,0,0,1,7,0,0,2,0,2,0,0,0,0,0,0,16,0,0,0,1,4,0,0,0,0
21254,0,0,0,0,0,1,1,1,0,3,0,0,0,4,0,0,1,0,2,0,0,0,0,0,0,0,0,1,0,0,0,1,0,0,0,0,1,2,2,3,0,1,0,0,0,0,0,2,0,0,0,0,0,0,0,0,0,0,0,0,2,0,0,0,1,0,0,0,1,1,2,0,0,0,1,0,0,11,0,0,0,0,4,2,0,0,0
21410,1,0,0,0,0,3,0,2,4,13,1,0,0,6,2,0,0,0,0,0,0,0,2,0,6,0,0,5,0,12,2,3,0,0,3,0,0,0,3,13,0,4,1,0,1,2,1,1,0,0,1,2,2,1,0,0,0,0,0,0,1,2,1,0,2,4,0,0,1,6,6,0,2,1,0,0,0,44,0,0,0,1,9,1,0,1,0
21414,1,0,0,0,0,5,2,4,3,5,0,3,0,3,5,0,0,0,0,0,0,0,2,0,16,0,0,5,0,36,1,9,0,0,3,0,2,0,2,12,0,10,3,6,3,1,2,0,1,4,1,2,0,1,0,0,1,0,3,0,0,1,3,0,3,11,0,1,1,11,17,0,4,1,1,0,0,60,0,0,1,1,4,3,0,0,0
21420,1,0,0,0,0,4,0,4,3,13,1,0,0,7,1,0,0,0,0,0,0,0,3,0,6,0,0,6,0,12,2,3,0,0,3,0,0,0,2,12,0,3,1,1,1,2,1,1,0,0,1,2,2,0,0,0,0,0,0,0,1,2,1,0,2,5,0,0,1,6,5,0,2,1,0,0,0,44,0,0,0,1,10,1,0,1,0
21483,1,0,0,0,0,1,0,1,0,0,0,0,0,2,0,0,0,0,2,0,0,0,2,0,1,0,0,0,0,2,2,0,0,0,0,0,0,2,0,3,0,0,0,0,0,0,0,1,0,0,0,1,1,1,0,0,0,0,2,0,1,0,0,0,1,1,0,0,0,3,8,0,0,0,0,0,0,15,0,0,0,0,2,0,0,0,0
21487,1,0,0,0,0,4,4,5,1,9,1,1,0,9,2,0,0,0,1,0,0,1,2,0,5,0,0,3,0,18,0,2,0,0,1,0,0,1,3,8,0,2,1,1,2,0,0,0,2,0,1,0,1,2,0,0,0,0,2,0,2,1,0,1,3,8,0,0,1,7,9,0,0,0,1,0,0,43,0,0,0,0,11,4,0,0,0
21490,0,0,0,0,0,3,0,1,0,2,1,0,0,3,0,0,0,0,4,0,0,0,1,0,1,0,0,4,0,5,1,0,0,0,0,0,1,2,2,7,0,1,1,0,1,0,1,2,0,0,0,0,1,1,0,0,0,1,0,0,0,0,0,0,1,2,1,0,2,1,7,1,0,1,0,0,1,18,0,0,0,1,4,2,0,0,0
21509,2,0,0,0,1,8,5,8,8,8,1,3,0,8,7,0,0,0,0,0,0,0,3,0,29,0,0,14,1,47,2,5,0,0,5,0,1,0,6,13,0,7,0,10,2,2,14,0,2,4,1,2,0,8,0,0,3,0,2,1,0,1,3,0,3,5,0,0,3,20,32,0,11,1,3,0,0,60,0,0,0,1,8,8,0,0,0
21597,2,0,0,0,2,8,4,8,8,8,1,3,0,7,7,0,0,0,0,0,0,0,3,0,29,0,0,14,1,47,2,5,0,0,3,0,1,0,7,13,0,7,0,10,2,2,14,0,2,4,1,2,0,7,0,0,3,0,2,1,0,1,2,0,3,5,0,0,3,20,28,0,11,1,3,0,0,60,0,0,0,1,7,8,0,0,0
21602,0,0,0,0,0,4,1,2,1,0,0,0,0,4,2,0,0,0,0,0,0,0,0,0,0,0,0,1,0,5,0,3,0,0,0,0,0,0,3,2,0,1,0,0,1,0,0,0,0,0,0,0,0,1,0,0,0,1,0,0,1,0,0,0,0,0,0,0,1,1,3,0,0,0,0,0,1,10,0,0,0,1,5,1,0,1,0
21630,1,0,0,0,0,2,1,2,3,5,0,0,0,6,1,0,1,0,2,0,0,0,1,0,7,0,0,2,0,12,1,2,0,0,0,0,0,0,1,7,0,3,0,2,0,1,0,1,2,0,0,1,1,0,1,0,0,0,0,1,0,0,0,0,1,6,0,0,1,2,18,0,0,0,0,0,0,37,0,0,0,1,7,5,0,0,0
21644,0,0,0,0,0,1,1,0,1,0,0,0,0,5,0,0,1,0,0,0,0,1,0,0,0,0,0,1,0,2,0,0,0,0,0,0,0,3,0,1,0,0,0,0,0,0,0,0,0,0,0,0,0,0,0,0,0,1,0,0,1,0,0,0,0,0,0,0,0,1,3,0,0,1,0,0,1,9,0,0,0,0,5,0,0,1,0
21659,0,0,0,0,0,1,0,1,0,2,1,0,0,2,0,0,0,0,0,0,0,0,0,0,6,0,0,4,0,4,1,0,0,0,1,0,0,1,0,4,0,0,0,0,1,1,0,0,0,0,0,0,0,0,0,0,0,0,0,0,0,0,0,0,2,1,0,0,1,1,4,0,1,1,0,0,0,23,0,0,0,0,2,0,0,0,0
21689,2,0,0,0,0,2,4,1,6,6,1,2,0,5,4,0,0,0,1,0,0,0,3,0,10,0,0,5,0,18,1,7,0,0,2,0,4,3,4,13,1,12,1,5,1,0,4,0,1,0,0,2,0,2,0,0,1,0,0,0,0,0,6,0,2,6,0,0,3,13,24,0,4,0,0,0,0,60,0,0,1,1,6,6,0,0,0
21692,2,0,0,0,0,2,3,0,6,5,1,2,0,5,3,0,0,0,1,0,0,0,3,0,7,0,0,5,0,16,1,6,0,0,2,0,4,3,5,9,1,12,0,4,1,0,3,0,1,0,0,2,0,2,0,0,1,0,0,0,0,0,5,0,2,7,0,0,3,11,22,0,3,0,0,0,0,59,0,0,1,1,6,5,0,0,0
21789,0,0,0,0,0,2,0,1,0,4,0,0,0,2,0,0,1,0,0,0,0,0,0,0,0,0,0,2,0,4,1,2,0,0,1,0,1,0,2,1,0,3,0,0,1,0,0,0,0,0,0,0,0,0,0,0,0,0,0,0,1,0,0,0,0,3,0,0,2,4,6,0,0,0,1,0,0,9,0,0,0,1,2,1,0,0,0
21812,2,0,0,0,0,2,1,1,2,3,0,1,0,2,2,0,1,0,0,0,0,0,0,0,5,0,0,2,0,12,2,1,0,0,2,0,0,0,1,10,0,2,0,2,1,1,2,2,2,0,0,1,1,2,0,0,1,1,0,0,0,2,0,0,1,0,1,0,2,6,6,0,1,0,0,0,1,34,0,0,0,0,2,0,0,0,0
21829,0,0,0,0,0,4,3,5,0,11,2,1,0,7,2,0,0,0,1,0,0,0,0,1,9,0,0,7,0,13,1,7,0,1,0,0,2,1,2,8,0,5,0,5,3,2,4,1,1,3,1,0,0,1,0,0,0,0,0,0,1,0,1,0,3,2,1,1,3,6,7,0,1,0,3,0,0,51,0,0,0,1,8,4,0,0,0
21845,1,0,0,0,0,2,1,3,0,3,0,0,0,1,0,0,0,0,0,0,0,0,0,0,2,0,0,1,0,4,2,1,0,0,1,0,0,0,0,3,0,2,0,1,0,0,0,1,0,0,0,0,0,1,0,0,0,0,0,0,1,0,0,0,1,0,0,1,1,1,3,0,2,0,0,0,0,15,0,0,0,0,1,0,0,0,0
21903,0,0,0,0,0,0,0,0,0,0,0,0,0,4,0,0,0,0,0,0,0,0,0,0,0,0,0,0,0,7,0,1,0,0,0,0,0,0,0,0,0,0,1,0,0,0,1,0,0,0,0,0,0,0,0,0,0,0,1,0,0,0,0,0,0,0,0,0,0,1,0,0,0,0,0,0,0,2,0,0,1,1,5,0,0,0,0
21936,1,0,0,0,0,1,2,1,0,7,0,0,0,8,0,0,0,0,2,0,0,0,0,0,0,1,0,2,0,13,3,2,1,0,0,0,0,2,3,3,0,2,0,0,1,2,3,1,0,1,0,0,0,0,0,0,0,0,0,0,2,1,1,0,1,6,0,0,0,7,2,0,1,0,1,0,0,18,0,0,1,0,11,0,0,0,0
21941,0,0,0,0,0,2,1,1,0,2,0,0,0,6,0,0,0,0,0,0,0,0,2,0,4,0,0,3,0,10,2,4,0,0,1,0,0,1,1,1,0,2,0,0,0,0,3,0,0,0,0,0,0,0,0,0,0,0,0,0,0,1,0,0,2,1,0,0,1,2,2,0,2,1,0,0,0,21,0,0,0,0,6,1,0,0,0
21942,0,0,0,0,2,2,1,3,0,4,0,0,0,4,0,0,0,0,0,0,0,0,0,1,2,0,0,4,0,10,1,1,0,0,3,0,3,0,0,3,0,4,1,1,0,0,1,0,0,1,0,0,0,1,0,0,1,1,0,0,1,0,0,0,1,1,0,0,1,1,4,0,1,0,1,0,1,30,0,0,0,1,5,1,0,2,0
22011,0,0,0,0,0,1,0,0,1,1,0,0,0,3,1,0,1,0,3,0,0,0,0,0,0,0,0,1,0,0,1,0,0,0,0,0,0,2,2,0,0,1,0,0,0,0,0,0,0,0,0,2,0,0,0,0,0,0,0,0,0,0,0,0,0,0,0,0,2,1,1,0,0,0,1,0,0,4,0,0,0,1,3,1,0,0,0
22018,2,0,0,0,2,4,2,5,1,9,1,2,0,2,4,0,2,0,1,0,0,0,0,0,8,0,0,5,0,21,0,1,0,0,1,0,2,1,3,8,0,2,0,2,0,0,3,1,3,1,1,1,0,0,0,0,0,0,0,0,0,1,0,0,4,6,1,0,2,6,12,0,2,0,3,0,0,44,0,0,0,1,5,4,0,0,0
22083,0,0,2,0,0,0,1,1,0,3,0,0,0,2,1,0,0,0,0,0,0,0,1,0,0,0,0,4,0,6,1,1,0,0,1,0,1,0,0,3,0,1,0,1,1,0,3,1,0,0,0,1,0,1,0,0,0,0,0,0,0,0,0,0,0,1,0,0,0,6,4,0,1,0,1,0,0,15,0,0,0,0,2,0,0,0,0
22168,0,0,0,0,0,2,0,3,0,0,0,0,0,1,0,0,0,0,0,0,0,0,0,1,0,1,0,3,0,2,0,0,0,0,0,0,0,1,1,2,0,0,1,0,0,0,1,0,0,1,0,1,0,0,0,0,0,0,0,0,1,0,1,0,1,0,0,0,1,0,3,0,1,0,0,0,0,8,0,0,0,0,1,0,0,0,0
22189,0,0,0,0,0,1,0,1,0,0,0,0,0,3,0,0,0,0,1,0,0,0,1,0,0,0,0,1,0,4,0,0,0,0,1,0,0,0,0,2,0,1,1,2,0,0,1,0,0,3,0,0,0,1,0,0,0,0,1,0,0,0,0,0,0,1,1,1,1,0,3,1,1,0,0,0,0,8,0,0,0,1,3,0,0,1,0
22208,2,0,0,0,2,4,4,2,13,18,0,8,0,8,7,0,0,0,0,0,0,0,1,2,50,0,0,17,0,60,0,7,0,0,3,0,8,0,8,27,0,20,1,1,18,2,19,3,4,3,1,8,0,2,0,0,2,0,10,2,0,5,1,0,3,6,1,1,1,21,39,0,9,0,2,0,0,60,0,0,0,0,8,7,0,1,0
22216,0,0,0,0,0,2,0,0,0,0,0,0,0,1,2,0,0,0,0,0,0,0,0,0,4,0,0,0,0,0,0,1,0,0,1,0,0,5,0,0,0,0,0,0,1,0,0,0,0,0,0,0,0,0,0,0,0,0,0,0,0,0,1,0,0,0,0,0,0,0,3,0,1,2,0,0,0,13,0,0,0,0,1,0,0,0,0
22218,5,0,0,0,2,11,4,11,9,24,0,3,0,20,11,0,0,0,0,0,0,0,0,1,33,1,0,22,2,60,0,9,0,0,3,0,2,0,10,22,0,6,3,4,11,0,17,0,3,5,2,4,0,6,0,0,1,0,0,1,0,3,3,0,4,12,0,2,3,21,55,0,12,0,6,0,0,60,0,0,0,1,20,12,2,0,0
22255,2,0,0,0,2,19,5,9,10,16,3,2,0,20,12,0,0,0,0,0,0,0,1,0,28,1,0,18,1,59,0,6,0,0,4,0,3,0,11,18,0,5,4,5,8,3,13,0,2,1,1,1,0,6,0,0,1,0,1,7,1,0,2,0,5,12,0,2,3,13,44,0,9,3,5,0,0,60,0,0,0,1,20,10,2,0,0
22279,0,0,0,0,0,0,0,0,0,0,0,0,0,2,0,0,0,0,1,0,0,0,0,0,1,1,0,0,0,2,1,1,0,0,1,0,1,2,0,3,0,3,0,2,0,0,0,0,0,0,1,0,0,0,1,0,0,0,0,0,0,0,0,0,1,1,0,0,0,1,5,0,1,1,0,0,0,13,0,0,0,0,2,1,0,0,0
22296,1,0,0,0,0,5,1,1,0,3,0,0,0,4,0,0,0,0,1,0,0,0,1,0,1,0,0,2,0,5,1,0,0,0,1,0,1,0,0,3,0,2,0,2,0,2,0,1,0,0,0,2,1,1,0,0,0,0,0,0,1,0,0,1,1,3,0,0,2,3,6,0,0,0,0,0,0,11,0,0,0,0,4,2,0,0,0
22311,0,0,0,0,0,3,1,1,0,0,0,0,0,4,1,0,5,0,5,2,0,0,2,0,3,1,0,1,0,1,1,0,0,0,0,0,1,5,0,2,0,3,0,2,0,1,0,0,0,0,0,0,0,0,0,0,0,0,0,0,2,0,0,0,2,2,0,0,1,1,2,0,0,0,0,0,0,21,0,0,0,0,4,1,0,0,0
22320,0,0,0,0,1,1,0,0,0,1,0,0,0,5,0,0,1,0,0,0,0,0,2,0,0,0,0,0,0,7,0,0,0,0,1,0,0,0,1,0,0,1,0,1,0,0,0,0,0,0,0,0,0,0,0,0,0,0,0,0,1,0,0,0,0,2,0,0,1,0,0,0,0,0,0,0,0,6,0,0,0,1,6,1,0,0,0
22346,2,0,0,0,0,6,4,5,6,10,0,4,0,9,8,0,1,0,1,0,0,0,0,0,16,0,0,13,0,40,2,8,0,0,0,0,0,0,6,22,0,7,3,4,4,3,4,1,1,2,0,4,1,12,0,0,0,0,0,0,0,0,4,0,4,2,0,0,2,8,49,0,7,3,7,1,0,60,0,0,0,1,12,9,1,0,0
22347,0,0,0,0,0,1,1,1,1,2,0,0,0,6,1,0,0,0,1,0,0,0,2,0,0,0,0,1,0,8,3,0,0,0,0,0,0,0,0,6,0,0,1,1,0,1,1,0,0,0,0,1,0,0,0,0,0,0,0,0,1,0,0,0,2,3,0,0,0,1,9,0,0,0,0,0,0,14,0,0,0,0,7,1,0,0,0
22363,0,0,0,0,0,0,1,0,0,1,0,0,0,1,1,0,0,0,0,0,0,0,0,0,2,0,0,0,0,0,0,1,0,0,0,0,0,0,0,1,0,0,0,1,0,0,0,0,0,0,0,0,0,2,0,0,0,0,0,0,1,0,0,0,1,0,0,0,0,1,5,0,1,0,0,0,0,8,0,0,0,1,2,1,0,0,0
22550,0,0,0,0,0,0,0,0,0,0,0,0,0,1,0,0,0,0,2,0,0,0,0,0,0,0,0,0,0,2,0,1,0,0,0,0,0,1,1,0,0,0,0,1,0,0,0,0,1,0,0,0,0,0,0,0,0,0,0,0,2,0,0,0,0,1,0,0,0,0,2,0,0,0,0,0,0,6,0,0,0,0,1,0,0,0,0
22559,0,0,0,0,0,1,2,0,0,1,0,0,0,2,1,0,0,0,0,0,0,0,1,1,3,0,0,1,0,3,0,1,0,0,0,0,0,0,0,1,0,0,0,0,0,0,0,1,0,1,0,1,0,1,0,0,0,0,0,0,2,0,0,0,1,2,0,0,1,2,5,0,1,0,0,0,0,15,0,0,0,0,2,0,0,0,0
22716,0,0,0,0,0,1,1,1,0,2,0,0,0,4,1,0,0,0,0,0,0,0,0,0,0,0,0,0,0,0,0,0,0,0,0,0,1,0,0,4,0,1,0,0,0,0,0,0,0,0,0,0,0,0,0,0,0,0,0,0,0,0,0,0,2,1,0,0,1,3,1,0,0,1,0,0,0,7,0,0,0,0,4,0,0,0,0
22743,0,0,0,0,0,1,1,0,0,2,0,0,0,0,0,0,0,0,0,0,0,0,0,0,0,0,0,2,0,0,1,3,0,0,0,0,1,0,0,1,0,2,0,0,0,0,0,1,0,0,0,0,0,0,0,0,0,0,0,0,0,0,0,0,0,1,0,0,0,2,0,0,0,0,0,0,0,8,0,0,0,1,1,0,0,0,0
22767,0,0,0,0,0,2,1,3,2,1,0,0,0,6,1,0,1,0,5,0,0,0,0,0,2,0,0,3,0,6,1,0,0,0,0,0,2,0,1,4,0,2,0,0,2,1,0,0,0,0,1,4,0,1,0,0,0,1,0,1,1,0,0,0,3,3,0,1,1,3,9,0,1,0,2,0,1,23,0,0,0,0,6,1,0,0,0
22830,1,0,0,0,0,2,1,3,0,1,0,1,0,2,0,0,0,0,1,0,0,1,1,1,0,0,0,4,0,6,1,3,0,0,0,0,0,2,0,4,0,1,0,0,1,0,0,1,0,2,0,0,0,0,0,0,1,0,0,0,1,0,0,0,1,1,0,1,1,0,2,0,0,0,0,0,0,13,0,0,0,1,2,0,0,0,0
22878,1,0,0,0,0,3,0,0,0,1,0,0,0,2,0,0,0,0,2,0,0,0,1,0,0,0,0,0,0,2,0,0,0,0,1,0,0,2,1,1,0,0,0,0,0,0,0,1,0,0,0,1,0,0,0,0,0,0,0,0,1,1,0,0,0,4,1,0,1,1,3,0,0,0,0,0,0,9,0,0,0,0,2,0,0,0,0
22891,0,0,0,0,0,1,0,1,0,1,0,0,0,1,2,0,0,0,0,0,0,0,1,2,0,0,0,1,0,0,2,1,0,0,1,0,0,2,1,0,0,0,0,0,0,0,0,0,0,2,0,1,0,0,0,0,0,0,0,0,0,0,0,0,0,0,0,0,1,2,2,0,0,0,1,0,0,8,0,0,0,1,2,2,0,1,0
22899,0,0,0,0,0,4,1,4,0,4,0,2,0,2,0,0,1,0,1,1,0,0,0,0,6,1,0,1,0,13,0,0,0,0,3,0,0,3,1,5,1,1,1,2,0,0,0,0,1,1,1,0,0,1,0,0,0,0,0,0,1,0,0,0,1,2,0,0,2,3,5,0,2,0,0,0,0,36,0,0,0,1,3,1,0,1,0
23218,0,0,0,0,0,4,0,1,0,1,1,0,0,1,2,0,0,0,1,0,0,0,0,0,8,0,0,1,0,7,0,1,0,0,0,0,1,1,2,5,0,5,0,0,0,0,1,0,0,0,0,0,0,0,0,0,0,0,0,0,0,0,2,0,2,4,0,0,2,1,3,0,2,1,1,0,0,30,0,0,0,1,2,1,0,0,0
23244,0,0,0,0,0,0,0,0,1,0,0,0,0,5,1,0,0,0,4,0,0,0,1,0,0,0,0,0,0,1,1,2,0,0,0,0,2,0,2,2,1,6,0,0,0,0,0,0,0,0,0,0,1,1,2,0,0,0,0,0,0,0,0,0,0,1,2,0,0,3,5,1,0,0,0,0,0,13,0,0,0,1,5,0,0,0,0
23291,0,0,0,0,0,1,1,2,0,4,0,0,0,2,2,0,0,0,0,0,0,1,1,0,1,0,0,2,0,35,1,3,0,0,2,0,2,0,1,4,0,4,4,1,1,0,0,0,1,0,0,1,1,1,0,0,0,1,2,0,2,0,0,0,2,3,0,0,1,7,6,0,1,0,0,0,1,27,0,0,0,0,2,1,0,0,0
23317,1,0,0,0,0,3,2,3,1,4,0,0,0,4,3,0,2,0,5,0,0,0,1,0,3,0,0,11,0,15,2,3,1,0,0,1,2,0,1,10,0,3,0,1,0,0,0,1,0,1,0,0,0,1,0,0,0,1,0,1,0,0,0,0,2,1,0,1,1,3,12,0,0,0,0,0,1,30,0,0,0,0,5,0,0,0,0
23345,0,0,0,0,0,1,0,1,0,0,0,0,0,1,1,0,2,0,0,0,0,1,2,0,4,0,0,0,0,0,1,2,0,0,0,0,0,4,1,3,0,0,0,0,1,0,0,0,0,0,0,1,0,0,0,0,0,0,0,0,0,0,0,0,0,0,0,0,0,0,3,0,1,0,1,0,0,20,0,0,0,0,1,0,0,0,0
23346,1,0,0,0,0,3,0,3,0,1,1,0,0,1,1,0,0,0,0,0,0,0,0,1,1,0,0,1,0,2,2,1,0,0,1,0,0,0,0,2,0,0,0,0,0,0,0,0,0,2,0,3,1,2,0,0,0,0,0,0,0,0,0,0,1,2,0,0,2,0,5,0,0,0,0,0,0,17,0,0,0,1,2,2,0,0,0
23423,0,0,0,0,0,3,1,3,1,0,0,0,0,1,0,0,0,0,0,0,0,0,1,0,0,0,0,0,0,4,1,1,0,0,0,0,0,0,0,0,0,1,0,0,0,0,0,0,0,2,0,0,0,0,0,0,0,0,0,0,2,0,0,0,1,0,0,1,1,1,2,0,0,0,0,0,0,7,0,0,0,1,2,0,0,1,0
23470,1,0,0,0,1,2,1,2,0,1,0,0,0,4,0,0,0,0,0,0,0,0,1,0,1,0,0,0,0,2,0,0,0,0,0,0,0,2,0,2,0,1,0,2,0,0,0,0,0,0,0,0,0,0,0,0,0,0,0,0,1,0,0,0,0,2,0,0,1,0,8,0,0,0,0,0,0,7,0,0,0,0,4,0,0,0,0
23484,0,0,0,0,3,3,5,5,4,3,0,1,0,2,3,0,0,0,2,0,0,1,3,1,12,0,0,2,0,3,0,2,0,0,5,0,2,0,0,7,1,7,0,6,5,1,2,3,1,1,0,7,0,1,0,0,0,0,1,1,0,1,1,0,1,1,0,0,2,8,21,0,3,0,0,0,0,60,0,0,0,1,3,1,0,0,0
23491,0,0,0,0,0,1,2,0,0,0,1,0,0,2,2,0,2,1,2,1,0,0,0,0,3,1,0,1,0,1,0,2,0,0,1,0,0,1,0,0,0,3,0,2,0,0,0,0,0,1,0,0,0,0,0,0,0,0,0,0,0,0,0,0,0,0,0,1,0,4,2,0,1,0,0,0,0,25,0,0,0,0,2,0,0,0,0
23561,0,0,0,0,0,5,4,5,2,2,1,1,0,3,1,0,0,0,0,0,0,0,3,1,18,0,0,7,0,10,5,4,0,0,1,0,3,1,1,4,1,7,0,6,1,1,0,0,0,2,1,2,1,2,0,0,0,0,0,1,0,0,1,0,2,1,0,1,1,11,11,0,7,1,0,0,0,60,0,0,0,0,3,1,0,0,0
23620,0,0,0,0,0,1,0,0,0,1,0,0,0,3,0,0,0,0,0,0,0,0,0,0,2,1,0,0,0,1,2,1,0,0,1,0,1,1,1,2,0,3,0,0,0,2,0,0,0,0,0,5,0,0,0,0,1,0,0,0,0,0,1,0,0,1,0,0,1,2,5,0,1,0,2,0,0,12,0,0,0,0,3,1,0,0,0
23767,0,0,0,0,0,3,3,2,5,2,1,1,0,3,5,0,0,0,1,0,0,0,0,0,22,0,0,10,0,24,3,5,0,1,2,0,2,0,2,12,0,7,0,4,4,1,2,0,2,0,0,5,0,3,0,0,0,0,1,1,0,0,4,0,1,3,0,0,1,12,23,0,2,0,1,0,0,60,0,0,0,1,5,3,0,0,0
23778,1,0,0,0,0,4,2,4,4,4,1,0,0,2,6,0,0,0,1,0,0,0,1,2,20,0,0,5,0,20,0,2,0,0,1,0,1,0,0,10,0,6,0,4,4,1,3,1,1,3,0,5,0,3,0,0,0,0,1,0,1,2,6,0,0,0,0,2,1,10,20,0,3,0,2,0,0,60,0,0,0,1,5,5,0,0,0
23793,0,0,0,0,0,0,0,0,0,0,0,0,0,3,0,0,0,0,0,0,0,0,0,0,0,0,0,0,0,0,1,2,0,0,0,0,1,0,2,0,0,1,0,0,0,0,0,0,2,0,0,2,0,0,0,0,0,0,0,0,0,1,0,0,0,0,0,0,0,1,1,0,0,0,0,0,0,11,0,0,0,1,3,2,0,0,0
23987,0,0,0,0,0,1,1,0,1,1,0,0,0,2,0,0,0,0,1,0,0,0,1,0,1,0,0,0,0,3,1,0,0,0,1,0,0,1,0,3,0,1,0,0,0,0,0,0,0,0,0,0,0,0,0,0,0,0,0,0,1,1,0,0,0,0,0,0,0,0,1,0,0,0,0,0,0,6,0,0,0,0,2,0,0,0,0
24007,1,0,0,0,3,3,5,8,37,28,1,9,0,5,18,0,0,0,0,0,0,0,3,0,60,0,0,11,1,34,1,11,0,0,2,0,4,0,13,51,0,9,0,5,17,1,24,1,5,2,1,6,3,11,0,0,1,1,3,9,0,4,2,0,2,8,0,0,1,30,60,0,14,0,3,0,1,60,0,0,0,1,5,7,5,1,0
24024,3,0,0,0,1,7,4,10,6,7,0,1,0,4,7,0,0,1,0,0,0,0,2,0,19,0,0,19,1,44,1,6,0,0,1,0,2,0,6,16,0,8,3,7,2,5,21,2,0,3,1,4,0,4,0,0,0,1,0,1,0,2,4,0,5,7,0,0,2,19,27,0,3,1,1,0,1,60,0,1,1,2,7,9,4,0,0
24347,0,0,0,0,0,1,0,0,0,3,0,1,0,6,0,0,0,0,1,0,0,1,0,0,0,0,0,0,0,2,0,0,0,0,1,0,0,0,0,4,0,1,0,0,1,0,0,0,0,0,0,0,0,0,0,0,0,0,0,0,0,0,1,0,0,0,0,0,0,0,0,0,0,0,1,0,0,11,0,0,0,1,6,2,0,0,0
24356,1,0,0,0,0,1,0,3,1,4,0,1,0,1,3,0,0,0,0,0,0,0,0,0,1,0,1,2,0,3,2,0,0,0,2,0,1,1,1,4,1,2,0,2,0,0,1,0,1,2,0,2,0,0,0,0,0,0,0,1,1,0,0,0,0,2,0,0,1,0,10,0,0,1,0,0,0,21,0,0,0,0,1,1,0,0,0
24357,0,0,0,0,0,1,0,3,0,5,1,4,0,1,4,0,0,0,1,0,0,0,2,1,12,0,0,6,0,18,1,4,0,0,2,0,2,0,1,11,1,6,1,1,4,1,3,0,0,1,0,3,0,1,0,0,0,0,1,0,1,0,0,0,1,3,0,0,0,9,14,0,4,1,4,0,0,59,0,0,0,0,1,3,0,1,0
24363,0,0,0,0,0,2,0,0,0,0,1,2,0,1,0,0,0,0,1,1,0,0,0,0,4,0,0,0,0,0,0,1,0,0,0,0,3,1,1,2,1,4,0,0,2,1,0,0,1,0,1,0,0,0,0,0,0,0,0,0,0,0,0,0,1,0,0,0,2,1,0,0,1,1,0,0,0,24,0,0,0,0,1,0,0,0,0
24370,1,0,0,0,0,1,0,0,0,2,0,0,0,1,0,0,4,0,7,0,0,0,0,0,2,0,0,0,0,1,0,2,0,0,2,0,1,1,0,4,0,4,0,1,0,1,0,0,3,0,0,2,0,0,0,0,0,0,0,0,0,0,0,0,1,0,1,0,0,5,3,0,0,1,1,0,0,27,0,0,0,0,1,0,0,0,0
24375,0,0,0,0,1,0,1,0,3,5,1,0,0,1,0,0,0,0,6,1,0,0,2,0,1,0,0,0,0,3,1,3,0,0,1,0,2,1,2,6,0,4,0,0,0,0,0,0,0,0,0,0,0,0,1,1,0,0,0,1,1,1,0,0,1,1,0,0,1,1,5,0,0,0,1,0,0,22,0,0,0,0,1,0,0,0,0
24410,0,0,0,0,0,1,1,2,0,2,0,0,0,2,0,0,0,0,0,0,0,1,1,0,0,0,0,1,0,2,0,0,0,0,0,0,0,0,0,1,0,1,0,0,0,0,0,2,0,0,0,0,1,1,0,0,0,0,0,0,0,1,1,0,0,1,0,0,1,2,4,0,0,0,0,0,0,6,0,0,0,1,2,0,0,0,0
24438,0,0,0,0,0,0,1,2,0,1,0,0,0,1,0,0,0,0,1,0,0,1,1,0,0,0,0,0,0,2,2,0,0,1,1,0,0,0,1,1,0,1,0,1,0,0,0,0,0,0,0,0,0,0,0,0,0,1,0,0,0,0,2,0,0,0,0,0,1,3,2,0,0,0,1,0,1,7,0,0,0,1,2,0,0,0,0
24444,0,0,0,0,0,0,0,0,0,0,0,0,0,2,0,0,0,0,0,0,0,0,0,0,0,0,0,1,0,2,0,0,0,0,0,0,0,0,0,0,0,0,0,0,0,0,0,0,0,0,0,1,0,0,0,0,0,0,0,0,0,0,0,0,0,0,0,0,0,0,0,0,0,0,0,0,0,1,0,0,0,1,2,0,0,0,0
24501,1,0,0,0,0,2,1,2,0,0,0,0,0,1,0,0,2,0,2,0,0,0,1,1,1,0,0,0,0,1,0,2,0,0,0,0,0,1,1,1,0,0,0,0,0,0,0,0,0,1,0,0,2,1,0,0,0,0,0,0,0,0,0,0,0,1,1,1,0,0,7,0,0,0,0,1,0,14,0,0,0,1,2,0,0,0,0
24576,0,0,0,0,0,0,0,0,0,1,0,0,0,1,0,0,0,0,2,0,0,0,0,0,0,0,0,1,0,1,1,1,0,0,2,0,0,0,0,1,0,0,0,0,0,0,0,0,0,0,0,0,0,0,0,0,0,0,1,0,1,0,1,0,0,0,0,0,1,0,4,0,0,0,0,0,0,4,0,0,0,1,1,0,0,0,0
24577,1,0,0,0,0,0,0,0,0,0,0,0,0,2,0,0,0,0,1,0,0,0,2,1,2,0,0,0,0,1,0,0,0,1,0,0,0,0,0,1,0,2,0,0,0,0,0,0,0,1,0,0,0,0,0,0,0,0,0,0,1,0,1,0,0,0,0,0,0,1,1,1,0,0,0,0,0,8,0,0,0,1,3,0,0,0,0
24647,0,0,0,0,0,1,1,3,4,4,0,2,0,3,3,0,0,0,0,0,0,0,0,1,3,0,0,1,0,4,1,2,0,0,1,0,1,0,1,0,0,1,0,4,0,0,0,0,1,1,0,15,0,2,0,0,0,0,0,3,1,0,0,0,1,1,0,0,0,4,13,0,0,0,3,0,0,23,0,0,0,0,3,1,0,0,0
24652,0,0,0,0,0,0,0,0,0,0,1,0,0,2,0,0,0,0,0,0,0,0,0,0,0,0,0,0,0,0,1,0,0,0,0,0,0,1,0,0,0,1,0,0,0,0,0,0,0,0,0,5,0,0,0,0,0,0,0,0,0,0,0,0,0,0,0,0,0,1,2,0,0,0,0,0,0,3,0,0,0,1,3,0,0,0,0
24716,0,0,0,0,0,1,1,0,1,2,0,0,0,1,1,0,0,0,0,0,0,0,1,0,1,0,0,0,0,2,0,0,0,0,0,0,1,0,2,2,0,1,0,1,0,0,0,1,0,0,0,0,1,2,0,0,0,0,0,0,0,0,2,0,0,0,0,0,1,2,6,0,0,0,0,1,0,6,0,0,0,1,2,0,0,1,0
24725,0,0,0,0,2,2,1,3,1,1,0,0,0,2,3,0,0,0,0,0,0,0,2,1,2,0,0,2,0,1,0,0,0,1,1,0,0,0,0,3,0,1,0,0,1,0,0,0,0,1,0,0,1,1,1,0,0,0,0,0,0,0,0,0,0,1,0,1,1,2,8,0,0,0,0,0,0,13,0,0,0,1,3,1,0,0,0
24860,0,0,0,0,0,3,2,4,0,1,0,0,0,3,1,0,0,0,1,0,0,0,0,0,0,0,0,1,0,4,0,0,0,0,1,0,0,0,1,1,0,0,2,0,0,0,1,0,2,0,0,2,0,0,0,0,0,0,0,0,0,0,0,0,2,3,0,0,1,3,3,0,0,0,0,0,0,14,0,0,0,1,3,1,0,0,0
24956,0,0,0,0,0,1,0,2,1,0,0,0,0,2,1,0,0,0,0,0,0,0,1,1,0,0,0,1,0,0,1,1,0,0,1,0,0,0,0,0,0,0,0,2,1,0,0,0,1,1,0,1,0,0,0,0,0,0,1,0,0,0,0,0,0,0,0,0,1,0,4,0,1,0,0,0,0,7,0,0,0,1,2,2,0,0,0
24958,0,0,0,0,0,2,2,1,5,4,0,0,0,1,5,0,0,0,0,0,0,0,0,0,4,0,0,3,0,8,1,3,0,0,0,0,1,0,1,5,0,2,1,2,0,0,1,1,0,1,0,2,1,1,0,0,1,0,1,2,0,0,7,0,1,0,0,1,2,2,10,0,0,0,1,0,0,21,0,0,1,1,2,0,0,3,0
24974,0,0,0,0,0,0,0,0,0,2,0,0,0,1,0,0,1,0,4,1,0,0,0,0,1,0,0,1,0,0,0,0,0,0,0,0,0,2,0,1,0,1,0,1,1,0,0,0,0,0,0,0,0,0,0,0,0,0,0,0,2,0,0,0,0,1,0,0,0,1,1,0,2,0,0,0,0,8,0,0,0,0,1,0,0,0,0
25070,1,0,0,0,0,4,3,4,1,8,0,0,0,6,3,0,1,0,1,0,0,0,1,0,11,1,0,8,0,13,2,3,0,0,0,0,1,0,2,10,0,5,0,1,1,1,0,1,1,1,0,0,1,2,0,0,0,0,0,0,1,2,4,2,2,5,0,0,1,2,11,0,2,1,1,0,0,54,0,0,0,1,7,1,0,0,0
25072,0,0,0,0,0,4,3,4,1,4,0,0,0,5,2,0,1,0,0,0,0,0,2,0,9,1,0,7,0,8,0,1,0,0,0,0,1,0,1,8,0,2,0,1,1,1,0,1,1,1,0,0,0,1,0,0,0,0,0,0,0,1,3,1,2,2,0,0,1,4,8,0,1,1,1,0,0,40,0,0,0,1,6,1,0,0,0
25074,0,0,0,0,0,0,1,2,1,4,0,0,0,0,0,0,1,0,1,1,0,0,0,0,0,0,0,0,0,1,1,3,0,0,0,0,0,0,2,2,0,3,0,3,0,0,0,0,0,0,0,0,0,0,0,0,0,0,0,0,2,0,1,0,0,1,0,0,1,1,4,0,0,0,1,0,0,17,0,0,0,1,1,0,0,0,0
25148,1,0,0,0,1,3,2,1,1,1,0,0,1,2,2,0,1,0,1,0,0,0,1,0,0,0,0,1,0,1,1,2,0,0,1,0,3,2,0,2,0,4,0,0,1,0,0,0,0,0,0,1,1,0,0,0,0,0,0,0,0,0,0,0,0,1,0,0,1,2,3,1,0,0,0,0,0,17,0,0,0,1,3,0,0,1,0
25153,0,0,0,0,0,0,0,0,0,1,0,0,0,0,0,0,0,0,0,0,0,0,0,0,0,0,0,1,0,1,0,0,0,0,0,0,0,0,0,0,0,0,0,0,0,0,0,0,0,0,0,0,0,0,0,0,0,0,0,0,0,0,0,0,0,0,0,0,0,1,0,0,0,0,0,0,0,1,0,0,0,0,0,0,0,0,0
25158,0,0,0,0,0,0,0,0,0,2,0,0,0,2,0,0,0,0,0,0,0,0,0,0,0,0,0,0,0,0,0,1,0,0,0,0,0,0,0,3,0,0,0,0,0,0,0,0,0,0,0,0,0,0,0,0,0,0,0,0,0,0,0,0,1,0,0,0,0,0,1,0,0,0,0,0,0,3,0,0,0,0,2,0,0,0,0
25265,0,0,0,0,1,2,0,2,0,2,0,0,0,3,0,0,0,0,0,0,0,0,1,1,0,0,0,5,0,5,1,0,0,0,2,0,0,0,1,3,0,1,0,1,0,1,0,0,0,1,0,0,0,0,0,0,0,0,1,0,0,0,0,0,2,1,0,0,1,1,2,0,0,0,0,0,0,10,0,0,0,1,4,1,0,1,0
25270,5,0,0,0,2,4,1,8,10,15,1,8,0,4,12,0,1,0,0,0,0,0,2,0,52,0,1,21,2,40,0,10,1,0,6,0,5,0,3,26,0,10,1,7,8,1,25,0,2,1,1,7,1,3,0,0,0,1,3,2,0,3,1,0,4,8,1,1,0,55,44,0,10,1,2,0,1,60,0,0,0,0,4,17,0,0,0
25271,0,0,0,0,0,1,0,0,0,0,0,1,0,1,0,0,0,0,0,0,0,0,0,0,0,0,0,1,0,0,1,1,0,0,0,0,0,0,0,0,0,1,0,1,0,0,1,0,0,0,0,0,0,0,0,0,0,0,0,0,0,0,0,0,0,0,0,0,0,1,2,0,0,0,0,0,0,4,0,0,0,1,2,0,0,0,0
25285,5,0,0,0,0,8,1,12,5,16,2,6,0,6,7,0,1,1,0,0,0,0,2,0,43,0,0,25,2,58,2,10,1,0,2,0,5,0,2,24,0,12,2,13,3,1,21,0,1,0,1,6,0,1,0,0,1,1,3,1,0,2,3,0,5,8,1,0,1,56,29,0,10,2,1,0,1,60,0,0,0,1,6,18,0,0,0
25305,2,0,0,0,0,5,1,8,0,8,0,0,0,6,2,0,0,0,1,0,0,0,1,0,10,0,0,6,0,22,0,2,0,0,1,0,0,1,3,9,0,2,0,3,0,0,1,1,1,2,1,3,0,1,0,0,0,1,0,0,1,0,0,0,6,6,0,1,2,2,10,0,3,0,2,0,1,49,0,0,0,1,6,3,0,0,0
25311,2,0,0,0,1,5,1,8,0,9,0,0,0,5,2,0,0,0,1,0,0,0,0,0,9,0,0,6,0,20,0,2,0,0,1,0,0,1,3,10,0,2,0,3,0,0,1,0,1,1,1,3,0,1,0,0,0,1,0,0,1,0,0,0,5,7,0,0,2,3,10,0,3,0,2,0,1,46,0,0,0,1,6,3,0,0,0
25322,0,0,0,0,0,1,1,0,0,1,1,2,0,1,1,0,0,0,0,0,0,0,0,0,11,0,0,0,1,0,0,1,0,0,0,0,2,1,0,2,1,4,0,0,0,0,0,0,1,0,0,0,0,1,0,0,0,0,0,0,0,0,0,0,1,0,0,0,0,0,3,0,4,2,0,0,0,27,0,0,0,0,1,1,0,0,0
25425,0,0,0,0,1,1,0,2,1,4,0,0,0,1,2,0,0,0,1,0,0,0,0,0,3,1,0,0,0,3,1,2,0,0,0,0,0,5,0,4,1,5,0,0,2,0,0,0,0,0,0,0,0,0,0,0,0,0,0,0,0,0,0,0,0,0,0,0,0,1,5,0,0,0,0,0,0,19,0,0,0,0,1,1,0,0,0
25445,3,0,0,0,0,7,3,9,4,4,0,1,0,11,3,0,0,0,1,0,0,0,2,0,8,0,0,9,0,31,1,2,0,0,4,0,4,1,4,13,0,7,1,2,3,1,3,1,1,8,1,4,0,4,0,0,0,0,2,0,1,0,0,0,2,5,0,1,1,7,21,0,3,0,0,0,0,60,0,0,0,1,13,2,0,0,0
25523,1,0,0,0,0,3,2,3,2,3,1,0,0,3,1,0,0,0,1,0,0,0,1,1,4,0,0,3,0,7,1,3,0,0,2,0,0,2,0,5,0,1,0,1,1,0,1,1,0,3,1,0,0,2,0,0,0,0,2,0,0,0,0,0,2,3,1,1,1,4,9,0,1,0,0,0,0,30,0,0,0,0,3,2,0,0,0
25590,3,0,0,0,1,3,4,6,1,10,0,5,0,9,5,0,0,0,0,0,0,0,2,1,17,0,0,9,0,17,1,5,0,0,4,0,4,0,5,22,0,9,0,3,0,0,1,0,4,3,2,2,2,2,1,0,0,0,3,0,2,2,2,0,1,3,0,2,1,8,9,0,5,1,2,0,0,60,0,0,0,0,9,4,0,2,0
25595,0,0,0,0,0,0,4,3,0,8,0,4,0,7,3,0,0,0,0,0,0,0,1,0,9,0,0,7,0,12,3,3,0,0,3,0,4,2,5,13,0,8,0,2,0,0,0,0,3,1,3,1,0,2,0,0,0,0,2,0,1,0,0,0,1,2,0,2,0,4,10,0,2,1,1,0,0,60,0,0,0,0,7,4,0,2,0
25650,1,0,0,0,0,2,1,2,1,0,0,0,0,2,1,0,0,0,0,0,0,0,1,0,1,0,0,0,0,1,0,0,0,0,1,0,1,0,0,1,0,1,0,0,0,0,0,0,0,0,0,3,0,0,0,0,0,0,0,1,1,0,0,0,0,0,0,0,1,3,5,0,0,0,0,0,0,9,0,0,0,0,2,0,0,0,0
25700,0,0,0,0,0,2,2,4,0,1,1,0,0,1,1,0,0,0,0,0,0,0,3,0,0,0,0,1,0,3,1,0,0,1,1,0,0,0,0,2,0,3,1,0,0,0,0,0,0,0,0,1,0,0,0,0,0,0,0,1,0,0,0,0,0,1,0,0,1,3,5,0,0,1,0,0,0,18,0,0,0,0,1,0,0,0,0
25755,0,0,0,0,0,1,0,5,1,1,0,1,0,2,0,0,1,0,0,0,0,0,0,0,1,0,0,2,0,9,0,3,0,0,0,0,0,1,0,2,0,1,0,1,0,0,2,1,0,1,0,0,0,1,0,0,1,0,1,0,0,0,0,0,0,1,0,1,2,1,3,0,0,0,1,0,0,15,0,0,0,1,3,1,0,0,0
25760,0,0,0,0,0,0,0,0,0,0,0,0,0,0,0,0,0,0,0,0,0,0,0,0,2,0,0,0,0,0,1,1,0,0,0,0,0,0,0,0,0,1,0,0,0,0,0,0,1,0,0,0,0,1,0,0,0,0,0,0,0,0,0,0,0,0,0,0,0,0,2,0,1,1,0,0,0,12,0,0,0,0,0,0,0,0,0
25862,0,0,0,0,0,1,0,1,0,0,0,0,0,3,0,0,0,0,0,0,0,0,0,0,0,0,0,0,0,0,0,0,0,0,0,0,0,0,0,0,0,0,0,0,0,0,0,0,0,0,0,0,0,0,0,0,0,0,0,0,0,0,0,0,0,0,0,0,1,0,0,0,0,0,0,0,0,0,0,0,0,1,3,0,0,0,0
25864,0,0,0,0,0,0,0,0,0,3,0,0,0,1,1,0,0,0,0,0,0,0,0,0,1,0,0,0,0,0,0,0,0,0,0,0,0,0,0,2,0,0,0,0,0,0,0,1,0,1,0,1,0,1,0,0,0,1,0,0,1,0,0,0,0,1,0,0,0,0,4,0,0,0,0,0,1,2,0,0,0,1,1,0,0,0,0
25869,0,0,0,0,0,2,3,8,1,3,1,2,0,3,5,0,0,0,0,0,0,0,0,1,9,0,1,3,0,15,1,3,0,0,1,0,1,0,1,6,0,3,0,8,2,0,5,0,0,1,0,3,0,1,0,0,0,0,1,0,0,2,0,0,0,6,0,0,1,17,6,0,4,0,0,0,0,47,0,0,0,1,3,3,0,0,0
25891,0,0,0,0,1,4,2,3,0,5,0,1,0,4,1,0,0,0,0,0,0,0,1,1,4,0,0,3,0,6,2,3,0,0,1,0,0,1,0,4,0,1,1,4,0,0,0,0,0,2,0,5,0,0,0,0,1,0,0,0,0,1,0,0,2,3,0,0,1,2,7,0,3,1,1,0,0,27,0,0,0,1,4,3,0,1,0
25922,0,0,0,0,1,1,2,2,0,7,0,1,0,1,3,0,1,0,0,0,0,0,0,0,6,0,0,2,0,7,3,2,0,0,0,0,1,0,3,10,0,3,0,0,3,2,0,1,0,0,0,1,1,1,0,0,0,0,1,0,1,1,2,0,1,3,0,1,0,6,10,0,1,1,0,0,0,35,0,0,0,0,1,1,0,3,0
25983,1,0,0,0,0,3,1,4,2,2,0,0,0,3,1,0,0,1,0,0,0,0,1,0,1,0,0,2,0,5,0,2,0,0,3,0,1,0,1,3,0,1,0,0,1,1,0,1,1,1,0,1,0,1,0,0,0,0,1,1,0,0,0,0,0,3,0,0,1,10,7,0,0,1,0,0,0,22,0,0,0,0,3,0,0,1,0
26166,2,0,0,0,1,2,2,8,3,16,6,2,0,5,8,0,0,0,1,0,0,0,2,0,41,1,0,9,1,14,0,4,0,0,4,0,8,1,5,20,0,16,3,6,8,0,4,2,3,0,0,3,1,3,0,0,3,0,4,1,0,1,0,0,1,2,1,0,1,11,27,0,11,2,5,0,0,60,0,0,0,0,5,9,0,0,0
26193,2,0,0,0,1,2,2,8,5,12,3,2,0,7,9,0,0,0,0,0,0,0,0,0,25,0,0,5,1,10,0,3,0,0,3,0,6,0,1,13,0,14,1,2,7,0,1,0,3,0,0,5,1,5,0,0,1,0,2,1,0,2,0,0,1,1,0,0,1,7,35,0,5,1,3,0,0,60,0,0,0,1,7,7,1,0,0
26307,0,0,0,0,0,0,2,0,0,0,0,0,0,2,0,0,1,0,1,0,0,0,0,0,0,0,0,2,0,0,1,0,0,0,0,0,0,0,1,1,0,0,0,4,0,0,1,0,0,0,0,0,0,0,0,0,0,0,1,0,1,0,0,0,0,0,0,0,0,5,2,0,0,0,0,0,0,5,0,0,0,0,2,0,0,0,0
26372,3,0,0,0,0,1,1,3,2,7,2,1,0,5,3,0,0,0,1,0,0,0,3,1,15,0,0,4,0,14,1,7,0,0,2,0,2,0,4,7,1,8,0,8,4,0,4,0,0,2,1,1,0,0,0,0,0,0,0,0,0,0,0,0,1,2,0,0,0,8,11,0,5,0,2,0,0,60,0,0,0,0,5,2,0,0,0
26407,0,0,0,0,1,1,1,2,1,3,1,0,0,2,0,0,0,0,1,0,0,0,0,0,3,0,0,0,0,2,0,2,0,1,1,0,0,0,1,3,0,1,0,3,0,0,1,0,1,0,1,1,1,0,0,0,0,1,0,0,0,2,0,0,1,0,1,0,1,0,8,0,0,0,0,0,1,22,0,0,0,0,2,0,0,0,0
26417,0,0,0,0,0,0,0,0,0,0,0,0,0,2,0,0,0,0,2,0,0,0,0,0,1,0,0,1,0,0,0,0,0,0,0,0,0,0,1,1,0,1,0,0,0,0,0,0,0,0,0,1,0,0,2,0,0,0,0,0,0,1,0,0,0,1,0,0,0,1,2,0,0,1,2,0,0,9,0,0,1,1,2,0,0,0,0
26477,0,0,0,0,1,1,1,4,0,0,0,0,0,2,0,0,0,0,0,0,0,0,1,0,2,0,0,1,0,1,1,0,0,0,1,0,0,1,0,2,0,1,0,1,1,0,0,0,0,0,0,1,1,1,0,0,0,0,0,0,0,0,0,0,0,1,0,0,1,0,3,0,1,0,0,0,0,15,0,0,0,0,2,0,0,0,0
26573,0,0,0,0,0,1,1,4,2,1,1,1,0,2,2,0,0,0,0,0,0,0,1,1,5,0,0,1,0,4,3,3,0,0,2,0,1,0,0,5,0,1,0,3,2,0,0,0,3,1,0,2,1,1,0,0,0,0,3,0,0,0,0,0,1,3,0,0,2,1,7,0,1,0,1,0,0,43,0,0,0,1,2,4,0,0,0
26665,0,0,0,0,0,1,1,0,0,0,0,0,0,2,0,0,0,0,0,1,0,0,1,0,1,0,0,1,0,2,0,1,0,0,0,0,1,0,3,0,0,1,0,0,0,0,0,2,0,0,0,0,0,0,0,0,0,0,0,0,0,1,0,0,0,2,0,0,1,0,1,0,0,1,0,0,0,10,0,0,0,0,2,0,0,0,0
26706,1,0,0,0,15,5,3,4,30,9,1,10,0,1,14,0,1,1,0,0,0,0,7,1,57,0,0,12,0,57,4,12,5,0,7,0,13,0,11,27,0,27,0,0,21,3,16,2,4,4,3,6,0,3,0,0,4,1,3,3,0,3,1,0,6,9,0,0,2,16,57,0,13,2,2,0,1,60,0,0,0,0,1,6,0,0,0
26707,2,0,0,0,2,3,4,9,18,10,0,7,0,3,13,0,1,0,2,0,0,0,2,2,41,0,0,20,2,60,1,8,0,0,3,0,4,0,7,29,0,14,0,8,15,0,14,2,3,4,1,6,0,3,1,0,0,0,0,1,1,1,3,1,5,6,0,0,0,15,41,0,10,2,3,0,0,60,0,0,0,0,3,6,0,1,0
26709,2,0,0,0,8,4,8,12,32,26,3,11,0,1,15,0,1,3,0,0,0,0,8,0,60,0,0,21,1,60,1,14,7,0,6,0,7,1,9,57,1,23,2,1,24,3,35,4,5,2,5,9,0,6,0,0,5,0,4,4,1,0,3,0,6,14,0,1,1,19,60,0,24,1,6,0,0,60,0,0,0,0,1,12,0,0,0
26712,2,0,0,0,6,4,9,11,33,28,3,11,0,1,16,0,1,3,0,0,0,0,8,1,60,0,0,21,1,60,1,15,7,0,6,0,8,1,12,59,1,24,2,2,23,3,35,4,6,3,5,10,0,7,0,0,4,0,4,4,0,0,2,0,6,14,0,1,1,21,60,0,24,1,7,0,0,60,0,0,0,0,1,12,0,0,0
26715,0,0,0,0,0,2,1,0,0,0,0,0,0,4,1,0,0,0,0,0,0,0,0,0,0,0,0,3,0,4,1,1,0,0,0,0,0,0,1,1,0,0,0,0,0,0,0,1,0,0,0,0,0,0,0,0,0,0,0,0,0,0,0,0,1,4,0,2,1,0,1,0,0,0,0,0,0,8,0,0,0,0,4,1,0,2,0
26718,2,0,0,0,1,5,3,5,2,7,2,3,0,3,6,0,0,0,0,0,0,0,3,0,8,1,0,9,1,56,0,2,0,0,2,0,2,1,6,12,0,4,3,8,1,0,9,2,1,2,0,2,0,1,1,0,0,0,0,0,1,0,5,3,3,9,0,0,2,13,16,0,7,1,2,0,0,60,0,0,0,1,5,4,0,1,0
26722,1,0,0,0,1,4,3,6,17,8,2,5,0,4,7,0,2,0,5,0,0,0,1,2,30,0,0,13,2,41,2,8,0,0,2,1,4,3,2,19,0,11,0,3,18,0,4,0,2,6,1,7,0,5,0,0,1,0,1,3,2,2,2,1,5,5,0,0,0,11,45,0,6,4,4,0,0,60,0,0,0,0,5,2,0,1,0
26725,1,0,0,0,1,5,4,6,19,6,0,5,0,4,11,0,1,0,2,0,0,0,0,2,41,0,0,17,2,42,2,7,0,0,3,0,4,2,1,19,0,13,0,3,18,0,8,0,2,6,2,6,0,5,0,0,1,0,1,3,1,1,4,1,5,5,0,0,0,10,47,0,8,2,3,0,0,60,0,0,0,0,5,2,0,1,0
26804,0,0,0,0,0,2,2,1,5,1,0,1,0,2,5,0,0,0,0,0,0,0,1,0,8,0,1,3,1,6,2,4,0,0,3,0,0,0,1,3,1,3,0,1,1,1,1,0,1,2,0,2,1,2,0,0,0,0,2,0,2,0,0,0,2,1,0,2,0,5,23,0,2,0,1,0,0,50,0,0,0,1,3,3,0,0,0
26816,0,0,0,0,0,0,0,0,0,0,0,0,0,1,0,0,0,0,0,0,0,0,0,0,0,0,0,0,0,1,0,0,0,0,0,0,0,0,0,0,0,1,0,0,0,0,0,0,0,0,0,0,0,0,0,0,0,0,0,0,0,0,0,0,0,0,0,0,0,0,0,0,0,0,0,0,0,1,0,0,0,1,2,0,0,0,0
26880,1,0,0,0,0,1,1,1,0,0,0,0,0,4,1,0,0,0,0,0,0,0,0,0,0,0,0,0,0,3,1,1,0,0,2,0,0,0,0,0,0,0,0,0,0,0,0,0,0,0,0,1,0,0,0,0,0,0,0,0,0,2,1,0,0,2,0,0,1,0,0,0,0,0,0,0,0,13,0,0,0,0,4,0,0,0,0
26884,0,0,0,0,0,1,3,3,0,3,0,0,0,2,2,0,0,0,1,0,0,0,0,0,4,0,0,1,0,1,1,3,0,0,1,1,0,0,0,4,0,2,0,2,1,0,1,0,0,0,0,2,0,0,0,0,1,0,0,0,2,0,3,0,1,1,0,0,1,3,7,0,0,0,0,0,0,22,0,0,0,1,2,1,0,0,0
26900,4,0,0,0,0,7,11,22,22,38,2,6,0,3,16,0,0,3,1,0,0,0,7,1,60,0,0,30,2,60,0,9,3,0,6,0,9,2,10,60,1,19,3,3,25,0,36,4,3,2,6,12,0,10,0,0,2,0,1,3,0,1,7,0,6,10,0,1,1,27,60,0,28,2,8,0,0,60,0,0,0,0,3,14,1,0,0
26906,0,0,0,0,1,0,1,1,0,0,0,0,0,3,0,0,0,0,0,0,0,0,0,1,0,0,0,1,0,1,2,0,0,0,1,0,1,0,0,2,0,1,0,1,1,0,0,0,0,1,0,1,1,0,0,0,0,0,2,0,2,1,0,0,1,1,0,0,1,2,5,0,0,0,0,0,0,9,0,0,0,0,4,1,0,0,0
26933,0,0,0,0,0,2,0,4,0,1,0,0,0,1,0,0,0,0,1,0,0,0,0,0,0,0,0,2,0,8,1,0,3,0,1,0,2,0,0,2,0,5,0,0,0,2,3,0,0,0,0,1,0,0,0,0,0,0,0,0,0,0,0,0,1,0,2,0,1,9,6,0,0,0,0,0,0,10,0,0,0,0,1,1,0,0,0
26970,0,0,0,0,0,2,0,2,0,0,0,0,0,1,0,0,0,0,2,0,0,0,1,0,0,0,0,1,0,1,3,0,0,0,0,0,0,1,0,2,0,0,0,1,0,0,0,0,0,1,0,0,0,0,0,0,0,0,0,0,0,0,0,0,0,2,0,1,1,0,3,0,0,0,0,0,0,1,0,0,0,0,1,0,0,0,0
27056,0,0,0,0,0,2,1,5,1,0,1,0,0,3,0,0,0,0,1,0,0,0,0,0,5,0,0,2,0,8,1,2,0,0,1,0,2,1,2,7,0,7,1,4,1,1,2,2,2,0,1,0,1,1,0,0,0,0,2,0,1,0,0,0,3,4,0,0,1,4,5,0,1,0,0,0,0,35,0,0,0,0,3,2,0,0,0
27073,3,0,0,0,0,9,13,26,26,48,2,5,0,3,14,0,0,2,1,0,0,0,7,1,60,0,0,40,3,60,0,9,3,0,5,0,9,1,8,60,1,20,3,3,28,1,36,2,3,2,6,9,0,12,0,0,6,1,1,4,0,2,6,0,7,17,0,1,1,36,60,0,35,3,11,0,1,60,0,0,0,0,3,27,1,1,0
27076,9,0,0,0,2,2,7,3,8,11,1,2,0,2,9,0,0,0,0,0,0,0,4,0,5,0,0,34,0,60,4,9,5,0,4,0,5,0,12,20,0,8,7,10,1,2,29,0,1,5,0,5,0,7,0,0,8,0,1,4,0,2,5,1,4,9,0,0,0,30,39,0,2,4,4,0,0,60,0,1,0,0,2,11,3,0,0
27085,5,0,0,0,2,10,9,6,15,15,3,10,0,5,18,0,0,0,0,0,0,0,1,0,23,1,1,27,2,60,0,9,1,0,3,0,1,0,2,25,0,9,5,4,12,3,18,2,3,1,1,3,0,10,0,0,6,0,1,6,0,1,1,0,8,5,0,1,3,17,60,0,7,2,5,0,0,60,0,0,3,1,6,12,8,0,0
27185,0,0,0,0,0,0,3,1,2,3,0,0,0,1,3,0,1,0,1,0,0,0,3,0,0,0,0,2,0,6,1,3,0,0,1,1,0,2,2,9,0,1,0,0,0,0,1,4,0,0,0,1,0,2,0,0,1,2,0,0,0,0,0,0,1,5,1,0,0,2,12,0,0,0,0,0,4,25,0,0,1,0,1,1,0,1,0
27196,1,0,0,0,1,11,2,8,15,18,1,1,0,5,11,0,0,2,2,0,1,0,0,0,23,0,0,30,0,60,0,1,0,0,2,0,3,2,3,21,0,11,1,6,2,0,11,0,1,3,0,4,0,5,0,0,2,0,0,1,1,0,0,0,8,13,0,0,2,17,52,0,3,1,5,0,0,60,0,0,1,1,5,12,0,0,0
27198,0,0,0,0,4,4,5,2,5,21,3,5,0,5,11,0,0,0,1,0,0,0,2,0,41,0,0,20,4,51,2,4,0,0,3,0,7,0,7,28,0,16,4,7,17,1,6,2,8,3,0,6,1,8,0,0,3,1,0,3,2,1,0,0,7,14,0,0,1,12,45,0,15,1,1,0,1,60,0,1,0,0,5,5,1,0,0
27204,0,0,0,0,0,0,1,0,1,0,0,0,0,2,0,0,1,0,1,0,0,0,2,0,0,0,0,0,0,1,0,2,0,0,0,0,0,0,1,1,0,0,0,0,0,0,0,0,0,0,0,2,0,0,0,0,0,1,0,0,2,1,0,0,1,1,0,0,0,1,4,0,0,0,0,0,1,8,0,0,0,0,2,0,0,0,0
27213,1,0,0,0,0,1,0,0,1,2,1,0,0,3,2,0,1,0,1,0,0,0,1,0,1,0,0,1,0,2,1,0,0,0,0,0,1,1,0,4,0,5,0,0,0,0,0,1,1,0,0,0,0,1,1,0,0,0,0,1,1,0,0,0,1,0,0,0,1,1,7,0,0,0,0,0,0,19,0,0,0,0,3,1,0,0,0
27231,0,0,0,0,0,0,0,0,0,0,0,0,0,1,0,0,0,0,1,0,0,0,0,0,0,0,0,1,0,2,1,0,0,0,0,0,0,1,0,1,0,0,0,0,0,0,0,0,0,1,0,0,1,0,0,0,0,0,0,0,2,0,0,0,0,1,1,0,0,1,1,0,0,0,0,0,0,2,0,0,0,0,1,0,0,0,0
27258,0,0,0,0,1,0,2,1,0,0,0,1,0,2,0,0,0,0,0,0,0,0,3,0,1,0,0,0,0,6,3,1,0,0,2,0,1,1,1,3,0,2,0,1,0,0,0,1,0,0,0,0,1,0,0,0,0,0,0,0,0,1,0,0,2,3,0,0,0,0,6,0,0,0,0,0,0,20,0,0,0,0,2,2,0,0,0
27259,0,0,0,0,0,0,0,0,0,0,0,0,0,1,0,0,0,0,0,0,0,0,0,0,0,0,0,0,0,0,0,0,0,0,0,0,0,0,0,2,0,0,0,0,0,0,0,0,0,0,0,0,0,0,0,0,0,0,0,0,1,0,0,0,0,0,0,0,1,0,1,0,0,0,0,0,0,1,0,0,0,1,2,1,0,0,0
27269,7,0,0,0,2,5,6,1,18,16,0,3,0,2,7,0,0,0,0,0,0,0,2,1,23,0,1,16,1,49,0,6,0,0,2,1,2,1,6,28,0,5,9,7,8,1,22,3,3,2,1,10,1,3,0,0,0,0,4,6,1,2,1,0,2,11,0,0,2,21,47,0,4,2,4,0,0,60,0,0,0,1,2,12,5,0,0
27310,0,0,0,0,1,0,1,0,0,2,0,0,0,1,0,0,0,2,0,0,0,0,0,0,0,0,0,2,0,8,0,6,3,0,0,0,0,0,0,3,0,1,1,0,0,1,0,0,0,0,0,3,0,0,1,0,0,1,0,0,1,2,0,0,1,4,0,0,0,3,2,0,0,0,0,0,2,15,0,0,0,0,1,2,0,0,0
27317,2,0,0,0,3,5,5,5,5,22,2,5,0,7,8,0,0,0,0,0,0,0,1,0,44,0,0,26,4,55,2,5,0,0,3,0,6,0,3,32,0,14,4,4,13,1,8,2,5,7,0,5,0,6,0,0,4,0,0,2,3,1,0,0,8,16,0,0,1,14,38,0,16,1,1,0,0,60,0,0,0,0,7,6,0,0,0
27332,1,0,0,0,0,4,0,0,2,3,1,0,0,2,2,0,2,0,4,0,0,0,1,0,0,0,0,3,0,19,2,3,3,0,2,1,1,0,6,8,0,5,0,0,0,0,2,0,0,0,0,3,0,3,0,0,0,1,0,1,3,3,0,0,1,1,0,0,2,19,20,0,0,0,3,0,1,22,0,0,0,0,2,5,2,0,0
27337,0,0,0,0,0,2,1,4,1,2,0,0,0,2,0,0,0,0,1,0,0,0,0,1,2,0,0,2,0,3,2,2,0,0,1,0,2,0,1,3,0,3,0,0,0,1,0,0,0,1,0,2,1,0,0,0,0,0,0,0,1,0,0,0,1,1,0,0,1,1,8,0,1,0,0,0,0,19,0,0,0,1,2,2,0,1,0
27390,0,0,0,0,0,1,0,5,2,1,1,0,0,4,2,0,0,0,0,0,0,0,0,0,2,0,0,1,0,0,0,0,0,0,0,0,0,2,1,1,0,0,0,2,0,0,0,0,1,0,0,22,0,2,0,0,0,0,0,0,1,0,2,0,1,0,0,0,1,6,13,0,0,1,2,0,0,19,0,0,1,1,4,7,0,0,0
27394,0,0,0,0,0,0,1,0,1,3,0,0,0,1,2,0,1,0,1,1,0,0,0,0,2,0,0,2,0,2,1,2,0,0,1,0,0,1,2,3,0,1,0,2,0,0,0,0,0,0,0,1,0,1,0,0,0,0,0,0,0,0,1,0,1,1,0,1,0,0,2,0,1,0,0,0,0,17,0,0,0,0,1,2,0,1,0
27448,0,1,0,0,0,1,0,1,0,3,0,1,0,2,0,0,0,0,1,0,0,0,0,0,0,0,0,10,0,44,1,2,1,0,1,1,0,0,0,4,0,0,40,0,0,0,0,3,0,1,0,0,1,0,1,0,0,0,0,0,0,0,3,0,2,0,0,0,0,2,8,0,0,0,1,0,0,7,0,0,0,0,2,1,3,0,0
27461,0,0,0,0,0,0,0,4,0,0,0,0,0,2,1,0,0,0,0,0,0,0,0,0,0,0,0,0,0,0,0,0,0,0,0,0,0,2,0,0,0,0,0,0,0,1,0,0,0,1,0,5,0,0,0,0,0,0,0,0,0,0,1,0,0,0,0,0,1,0,0,0,0,0,0,0,0,3,0,0,0,1,3,1,0,0,0
27492,0,0,0,0,0,1,2,3,6,1,0,0,0,0,0,0,0,0,1,0,0,0,1,0,2,0,0,0,0,0,0,1,0,0,0,0,0,0,0,3,0,1,0,0,0,0,0,0,0,0,0,25,0,0,0,0,0,1,0,0,0,0,0,0,0,0,0,0,1,5,11,0,0,0,2,0,0,11,0,0,0,1,2,3,0,0,0
27507,0,0,0,0,0,0,2,0,0,1,0,0,0,2,1,0,0,0,0,0,0,0,1,0,0,0,0,0,0,0,0,0,0,0,1,0,0,0,0,1,0,0,0,0,0,0,0,0,0,0,0,0,0,1,0,0,0,0,0,0,0,0,0,0,0,0,0,0,0,0,1,0,0,0,0,0,0,4,0,0,0,0,2,0,0,0,0
27606,0,0,0,0,2,1,0,3,3,0,1,0,0,3,2,0,0,0,0,0,0,0,0,0,0,0,0,1,0,5,1,0,0,0,0,0,0,1,2,3,0,1,0,0,0,1,0,0,0,1,0,0,1,0,0,0,0,0,0,0,0,0,0,0,1,1,0,0,1,2,6,0,0,0,0,0,1,6,0,0,0,1,3,0,0,0,0
27618,0,0,0,0,0,3,3,5,0,6,0,0,0,4,1,0,1,0,0,0,0,0,0,0,2,0,0,7,0,10,2,3,0,0,3,1,0,1,0,5,0,1,0,0,0,0,2,0,1,0,0,2,1,1,0,0,0,0,0,0,0,1,2,0,1,3,0,1,2,5,7,0,1,0,1,0,0,27,0,0,0,1,5,5,0,0,0
27623,0,0,0,0,0,0,1,0,0,0,1,0,0,2,0,0,0,0,3,0,0,0,1,0,0,0,0,0,0,2,1,1,0,0,0,1,2,3,0,2,0,3,0,0,0,0,0,0,0,0,0,0,0,0,0,0,0,0,0,0,3,0,0,0,0,0,0,0,0,0,2,0,0,0,0,0,0,9,0,0,0,0,2,0,0,0,0
27711,0,0,0,0,0,1,0,1,0,1,0,0,0,2,1,0,0,0,0,0,0,0,0,0,0,0,0,1,0,1,0,0,0,0,0,0,2,0,0,1,0,3,0,0,0,0,0,0,0,0,0,7,0,1,0,0,1,0,0,0,0,0,0,0,0,0,0,0,1,1,4,0,1,0,0,0,0,7,0,0,0,2,4,1,0,0,0
27777,0,0,0,0,0,1,1,1,0,0,0,0,0,3,1,0,0,0,0,0,0,0,0,0,1,0,0,0,0,25,0,2,0,0,2,0,0,2,4,1,0,1,2,0,0,0,0,0,0,0,1,1,0,0,0,0,0,4,0,0,0,0,0,0,2,3,0,0,2,1,2,0,0,1,0,0,4,12,0,0,0,1,3,3,2,0,0
27780,0,0,0,0,0,1,1,3,4,3,1,0,0,4,2,0,0,0,0,0,0,0,0,1,9,0,0,0,1,2,3,3,0,0,1,0,0,0,1,2,0,1,0,1,2,0,2,1,0,1,0,14,0,2,0,0,2,0,2,1,1,1,0,0,1,1,0,0,1,3,13,0,1,0,0,0,0,33,0,0,0,0,4,2,0,0,0
27790,0,0,0,0,0,0,0,0,0,0,0,0,0,0,0,0,0,0,1,0,0,0,0,0,0,0,0,0,0,0,0,0,0,0,0,0,0,0,0,0,0,0,0,0,0,0,0,0,0,0,0,0,0,0,0,0,0,0,0,0,0,0,0,0,0,0,0,0,0,0,0,0,0,0,0,0,0,1,0,0,0,0,0,0,0,0,0
27794,0,0,0,0,0,0,0,0,1,0,0,0,0,1,0,1,0,0,0,0,0,0,0,0,0,0,0,0,0,0,0,0,0,0,0,0,1,0,1,0,0,1,0,0,0,0,0,0,0,0,0,1,0,0,0,0,0,0,0,1,0,1,0,0,0,0,0,0,0,2,0,1,0,0,0,0,0,1,0,0,0,0,1,0,0,0,0
27816,0,0,0,0,0,11,2,8,2,5,1,1,0,3,4,0,1,0,1,0,0,0,1,0,18,0,0,9,0,20,1,5,0,0,2,0,1,3,3,9,0,9,0,4,2,1,7,1,0,1,0,4,0,2,0,0,2,0,0,1,0,1,2,0,6,2,0,0,3,13,12,0,3,1,1,0,1,60,0,0,0,1,3,3,3,0,0
27830,3,0,0,0,0,6,3,4,4,6,1,1,0,1,4,0,0,0,0,0,0,0,3,0,11,0,0,7,0,16,0,3,0,0,0,0,0,0,4,9,0,5,0,7,0,0,4,0,2,3,1,3,1,1,0,0,1,0,3,1,0,0,3,0,4,1,0,1,1,9,22,0,4,1,1,0,1,49,0,0,0,0,1,4,0,2,0
27921,0,0,0,0,0,4,1,4,1,2,0,0,0,2,2,0,0,0,0,0,0,0,0,0,1,0,0,3,0,1,1,2,0,0,1,0,0,0,0,0,0,1,0,3,1,0,0,0,0,0,0,0,0,1,0,0,0,0,0,0,1,1,0,0,1,1,0,0,2,0,7,0,1,1,0,0,0,22,0,0,0,1,2,1,0,0,0
27954,0,0,0,0,0,2,2,4,0,5,1,0,0,2,0,0,1,0,2,0,0,0,1,0,3,0,0,1,0,8,1,2,0,0,0,0,1,1,1,6,0,2,0,1,0,1,0,1,0,0,2,1,2,0,0,0,0,0,0,0,0,0,0,0,2,2,0,0,1,2,5,0,1,2,1,0,0,22,0,0,0,0,2,0,0,1,0
27996,0,0,0,0,0,0,0,0,0,0,0,0,0,1,0,0,0,0,0,0,0,0,0,0,0,0,0,0,0,1,1,0,0,0,0,0,1,1,0,0,0,1,0,0,0,0,0,0,1,0,0,0,0,0,0,0,0,0,0,0,1,0,0,0,0,0,0,0,1,0,1,0,0,0,0,1,0,7,0,0,0,1,2,2,0,0,0
28076,1,0,0,0,0,3,0,3,1,2,0,0,0,2,1,0,1,0,4,0,0,0,1,0,2,1,0,1,0,4,1,1,0,0,2,0,0,3,2,5,0,0,0,0,0,0,0,0,0,0,1,1,1,0,0,0,0,0,1,0,3,0,0,0,2,2,0,0,1,2,2,0,0,0,0,0,0,18,0,0,0,0,2,2,0,0,0
28153,0,0,0,0,0,1,4,6,3,4,0,0,0,2,2,0,1,0,1,0,0,0,1,0,8,0,0,7,0,14,0,2,0,0,1,0,0,2,1,6,0,1,0,8,4,0,2,0,0,0,1,1,0,1,0,0,0,0,0,0,2,0,0,0,3,7,0,0,2,2,9,0,1,1,1,0,0,47,0,0,1,1,2,2,0,0,0
28166,0,0,0,0,0,1,2,5,1,2,0,0,0,1,1,0,0,0,1,0,0,0,1,1,1,0,0,3,0,2,2,1,0,1,1,1,0,0,0,3,0,0,0,2,0,0,0,0,1,1,0,3,0,0,0,0,0,0,0,1,0,0,0,1,1,2,0,0,1,2,3,0,0,1,0,0,0,14,0,0,0,1,2,0,0,0,0
28351,0,0,0,0,0,0,0,0,0,0,0,0,0,2,0,0,0,0,0,0,0,0,0,0,0,0,0,0,0,0,0,0,0,0,0,0,1,2,0,0,0,3,0,0,0,0,0,0,0,0,0,0,0,0,0,0,0,0,0,0,0,0,0,0,0,0,0,0,0,0,1,0,0,0,0,0,0,4,0,0,0,1,2,0,0,0,0
28427,3,0,0,0,0,1,3,5,2,3,1,1,0,1,1,0,0,0,2,0,0,0,1,0,3,0,0,3,0,20,0,2,0,0,1,1,1,0,1,9,0,4,1,3,1,0,3,0,0,0,0,4,0,0,0,0,0,0,1,0,2,1,0,0,1,10,0,1,0,4,7,1,1,0,0,0,0,36,0,0,0,0,1,1,0,1,0
28530,1,0,0,0,0,1,1,4,1,2,1,1,0,2,1,0,0,0,0,0,0,0,0,0,5,0,0,2,0,9,1,6,0,0,1,0,0,0,2,3,0,3,0,0,0,0,0,0,0,0,1,0,1,1,0,0,0,0,0,0,2,0,0,0,1,5,0,0,1,1,6,0,1,0,0,0,0,27,0,0,0,0,2,1,0,0,0
28535,1,0,0,0,0,1,1,4,1,3,1,1,0,2,2,0,1,0,1,0,0,0,0,0,3,0,0,3,0,10,1,6,0,0,2,0,0,0,1,4,0,3,0,0,0,0,1,0,0,0,0,2,1,1,0,0,0,0,0,0,1,1,0,0,1,5,0,0,1,2,8,0,1,0,0,0,0,28,0,0,0,0,2,1,0,1,0
28538,1,0,0,0,0,2,0,5,0,0,0,1,0,3,0,0,0,0,1,0,0,0,0,1,5,0,0,2,0,6,1,2,0,0,0,0,1,2,1,1,0,1,0,1,0,0,0,1,0,1,0,4,0,0,0,0,0,0,0,0,0,0,0,0,1,2,0,0,1,3,7,0,2,0,0,0,0,19,0,0,0,1,4,1,0,1,0
28595,0,0,0,0,0,1,1,3,0,0,0,0,0,1,1,0,0,0,1,0,0,0,0,0,0,0,0,0,0,3,0,0,0,0,0,0,0,1,0,0,0,1,0,0,1,0,0,0,0,0,0,0,0,0,0,0,0,0,0,0,0,0,0,0,1,2,0,0,1,1,1,0,0,0,0,0,0,8,0,0,0,0,1,1,0,0,0
28627,1,0,0,0,0,2,2,4,4,2,1,0,0,3,1,0,0,0,2,0,0,0,1,0,3,0,0,0,0,1,1,1,0,0,2,0,0,2,0,1,0,3,0,0,0,0,0,0,0,0,0,14,0,0,0,0,1,0,1,0,1,0,0,0,0,2,1,0,1,2,12,0,0,0,1,0,0,24,0,0,0,1,4,1,0,0,0
28634,0,0,0,0,0,2,2,4,5,2,1,0,0,4,1,0,0,0,2,0,0,0,1,0,3,0,0,0,0,0,0,2,0,0,2,0,0,2,0,1,0,3,0,0,0,0,0,0,0,0,0,15,0,0,0,0,1,0,1,0,1,0,0,0,0,2,1,0,1,2,12,0,0,0,1,0,0,25,0,0,0,1,5,1,0,0,0
28659,0,0,0,0,0,0,0,0,0,0,0,0,0,1,1,0,0,0,2,0,0,0,0,0,0,0,0,0,0,0,0,0,0,0,0,0,0,0,0,1,0,0,0,0,0,0,1,0,0,0,0,0,0,0,0,0,0,0,0,0,0,0,0,0,0,1,0,0,1,1,6,0,0,1,0,0,0,3,0,0,0,0,1,0,0,0,0
28669,0,0,0,0,0,0,0,0,1,0,0,0,0,2,0,0,0,0,0,0,0,0,0,0,0,0,0,0,0,0,0,0,0,0,0,0,0,0,0,1,0,0,0,0,0,0,0,0,0,0,0,0,0,0,0,0,0,0,0,0,0,0,0,0,0,0,0,0,0,0,2,0,0,0,0,0,0,0,0,0,1,1,2,0,0,0,0
28673,0,0,0,0,0,0,1,0,0,3,0,0,0,2,1,0,1,0,1,0,0,0,2,0,2,0,0,0,0,3,1,2,0,0,2,0,1,0,0,5,0,1,0,0,0,0,1,0,0,0,1,0,0,0,0,0,0,0,1,0,1,1,0,1,1,0,0,0,0,5,6,0,0,0,2,0,0,15,0,0,0,0,2,0,0,0,0
28718,0,0,0,0,0,2,2,3,2,4,0,0,0,1,0,0,0,0,0,0,0,0,0,0,4,0,0,3,0,37,1,4,0,1,2,0,0,0,1,5,0,2,2,1,1,1,4,1,1,0,1,1,0,0,0,0,0,0,1,0,0,1,0,0,1,5,0,0,1,9,8,0,0,0,0,0,0,31,0,0,0,0,2,0,0,1,0
28721,0,0,0,0,1,0,2,1,2,0,1,0,0,2,1,0,0,1,0,0,0,0,1,0,1,0,0,0,0,2,0,0,0,0,0,0,0,0,0,3,0,2,0,0,0,0,2,0,0,0,1,3,0,0,0,0,0,0,1,0,1,0,0,0,0,2,1,0,1,4,4,0,0,0,0,0,0,15,0,0,0,1,3,1,0,0,0
28739,0,0,0,0,0,2,2,3,2,2,1,0,0,1,0,0,0,0,0,0,0,0,0,0,4,0,0,8,0,44,1,5,0,1,2,0,0,1,1,6,0,2,2,0,2,1,4,1,1,0,1,1,0,0,0,0,0,0,1,0,0,1,0,0,1,5,0,0,1,10,9,0,0,0,0,0,0,36,0,0,0,0,2,0,0,0,0
28787,1,0,0,0,2,3,3,5,2,2,0,1,0,1,1,0,1,0,1,0,0,0,1,0,10,0,0,1,0,3,0,2,0,0,2,0,0,1,0,1,0,1,0,2,6,1,2,1,1,0,0,9,0,1,0,0,0,0,0,0,0,0,1,0,1,2,0,0,1,7,10,0,2,0,0,0,0,41,0,0,0,1,2,3,0,0,0
28804,1,0,0,0,0,2,0,0,0,2,0,0,0,1,0,0,0,0,0,0,0,0,0,1,0,0,0,1,0,6,0,0,0,1,0,0,1,0,1,3,0,1,1,0,0,1,1,2,0,1,0,1,1,1,0,0,0,0,1,0,2,0,0,0,1,0,1,0,1,3,8,0,0,0,0,0,0,4,0,0,0,0,1,0,0,0,0
28827,2,0,0,0,1,0,0,1,2,0,0,1,0,0,0,0,0,0,2,0,0,0,0,0,0,0,1,0,0,4,0,1,0,0,0,0,0,0,1,0,0,0,0,1,0,0,3,0,0,1,0,0,0,0,0,0,0,0,2,1,0,1,3,0,0,2,0,1,0,10,3,0,0,0,0,0,0,4,0,0,0,0,0,0,0,0,0
28829,0,0,0,0,0,3,1,2,1,3,0,0,0,1,0,0,0,0,1,0,0,0,0,1,3,0,0,4,0,3,0,2,0,0,1,0,1,2,0,5,0,1,0,0,1,0,1,1,0,1,0,1,2,2,0,0,0,0,0,0,0,0,0,0,2,0,0,0,1,0,10,0,1,0,1,0,0,22,0,0,0,0,1,1,0,0,0
28905,3,0,0,0,3,1,6,5,10,14,0,4,0,1,9,0,0,0,0,0,0,0,5,0,60,0,0,23,1,48,0,4,1,0,0,0,2,0,6,22,0,10,0,4,27,0,20,0,2,0,2,9,0,5,0,0,0,0,0,0,0,0,2,0,3,0,0,0,1,18,43,0,22,2,7,0,0,60,0,0,0,0,2,12,3,0,0
28908,3,0,0,0,4,6,5,9,11,13,0,3,0,1,10,0,0,0,0,0,0,0,4,0,60,0,0,21,1,32,0,3,1,0,0,1,3,0,6,23,0,9,0,3,33,0,16,0,0,1,1,14,0,3,0,0,0,0,0,0,0,0,1,0,3,2,0,0,2,22,59,0,28,3,5,0,0,60,0,0,0,0,3,9,3,0,0
28910,1,0,0,0,0,0,0,0,0,0,0,0,0,4,0,0,1,0,1,0,0,0,0,0,2,0,0,0,0,6,0,0,0,0,0,0,0,0,2,1,0,1,1,1,0,0,0,0,0,0,0,0,0,0,0,0,0,0,0,0,0,0,0,0,1,0,0,0,0,3,1,0,0,0,0,0,0,8,0,0,0,1,4,0,0,0,0
29004,3,0,0,0,0,9,5,5,7,8,0,2,0,3,7,0,0,0,0,0,0,0,0,0,16,0,0,7,1,36,0,3,0,0,1,1,1,0,2,11,0,4,8,2,5,1,9,2,2,1,1,6,1,3,0,0,0,0,4,3,0,1,4,0,1,4,0,0,3,7,30,0,4,2,3,0,0,60,0,0,0,1,5,7,5,0,0
29015,4,0,0,0,1,10,7,6,10,10,0,2,0,2,10,0,0,0,0,0,0,0,1,0,25,0,0,10,1,42,0,7,0,0,1,1,1,0,1,14,0,5,8,2,7,1,8,1,2,2,1,9,0,4,0,0,0,0,4,3,0,1,3,0,1,4,0,0,3,17,46,0,5,2,3,0,0,60,0,0,0,1,4,10,2,0,0
29020,11,0,0,0,2,8,6,8,19,25,0,1,0,2,11,0,0,0,0,0,0,0,3,1,35,1,0,21,1,60,1,11,0,0,2,1,3,0,2,32,0,7,3,8,11,0,23,3,1,46,0,16,0,5,0,0,1,0,3,7,0,3,1,0,2,7,0,0,1,35,48,0,5,1,7,0,0,60,0,1,0,0,2,11,1,0,0
29030,1,0,0,0,0,2,2,2,0,2,0,0,0,2,1,0,0,0,0,0,0,0,0,0,7,0,0,2,0,0,0,1,0,0,0,0,0,0,1,4,0,2,0,2,2,0,0,0,1,0,0,0,0,1,0,0,0,0,0,0,0,0,0,0,3,1,0,0,2,2,7,0,1,1,0,0,0,26,0,0,0,0,2,0,0,0,0
29228,0,0,0,0,0,2,3,3,3,4,0,1,0,4,4,0,0,0,0,0,0,0,0,0,7,0,0,4,0,7,1,1,0,0,2,1,1,2,1,7,0,1,0,5,1,0,1,1,0,0,0,1,0,2,0,0,0,0,0,1,0,0,0,1,1,2,0,1,2,1,7,0,3,0,0,0,0,38,0,0,0,1,5,3,0,1,0
29273,0,0,0,0,0,1,0,1,0,7,0,0,0,2,3,0,0,0,1,0,0,0,1,0,0,0,0,7,0,23,1,2,0,0,0,0,1,1,2,5,0,2,0,1,0,0,4,0,0,0,0,1,0,1,1,0,0,0,1,0,0,1,3,0,0,2,0,0,3,10,6,0,0,1,2,0,0,15,0,0,0,2,3,1,1,0,0
29278,1,0,0,0,0,2,1,2,0,8,0,0,0,2,4,0,0,0,1,0,0,0,1,0,0,0,0,7,0,31,1,2,0,0,0,0,0,1,2,9,0,0,0,2,0,0,3,0,0,0,0,2,0,2,1,0,0,0,1,1,0,1,3,0,1,1,0,0,3,6,12,0,0,1,2,0,0,19,0,0,0,2,3,4,0,0,0
29295,0,0,0,0,0,3,0,0,1,3,1,2,0,1,1,0,1,0,6,1,0,0,0,0,4,0,0,1,0,3,1,2,0,0,0,0,2,1,0,3,0,4,0,0,2,1,0,0,0,0,0,0,0,2,0,0,0,0,0,0,1,0,0,0,1,0,0,0,0,1,5,0,0,0,1,0,1,27,0,0,0,0,1,2,0,0,0
29298,1,0,0,0,0,2,2,0,0,2,0,0,0,1,0,0,0,0,0,0,0,0,0,0,0,0,0,4,0,11,1,0,0,0,1,0,1,0,0,2,0,3,0,0,0,2,0,0,0,0,0,0,1,0,0,0,0,1,0,0,0,0,0,0,2,3,2,0,2,1,5,0,0,0,1,0,0,15,0,0,0,0,1,1,0,1,0
29378,0,0,0,0,0,0,0,0,1,0,0,0,0,2,0,0,0,0,2,0,0,0,0,0,0,0,0,0,0,0,1,1,0,0,0,0,0,1,0,1,0,0,0,0,0,0,0,0,0,0,0,0,0,0,0,0,0,0,0,1,0,0,0,0,0,2,0,0,0,0,1,0,1,0,0,0,0,5,0,0,0,1,2,1,0,0,0
29395,7,0,0,0,4,2,4,0,20,12,0,2,0,2,6,0,2,0,0,0,0,0,1,1,22,0,1,16,0,22,3,10,0,0,2,1,5,12,11,41,0,10,1,6,9,1,15,0,2,4,1,5,0,5,0,0,1,0,1,4,2,3,0,0,2,9,0,0,0,25,49,0,4,0,3,0,0,60,0,0,0,0,2,4,1,0,0
29442,0,0,0,0,0,0,0,0,0,1,1,0,0,3,0,0,0,0,1,1,0,0,0,0,0,0,0,0,0,2,1,0,0,0,3,1,0,1,2,3,0,2,0,0,0,0,0,0,0,0,0,2,0,1,0,0,0,0,0,0,3,0,0,0,0,0,0,0,0,2,2,0,0,0,0,0,0,7,0,0,0,0,3,0,0,0,0
29451,2,0,0,0,3,4,3,8,17,17,0,3,0,2,7,0,0,0,0,0,0,0,7,1,53,0,1,8,1,15,0,3,0,0,5,0,3,0,7,25,0,13,0,0,15,1,2,0,4,2,0,10,0,6,0,0,2,0,9,4,1,0,2,0,1,4,0,0,1,9,58,0,8,0,2,0,0,60,0,0,0,0,2,8,0,1,0
29459,0,0,0,0,2,5,2,7,11,14,0,4,0,3,5,0,0,0,0,0,0,1,1,0,28,0,1,10,1,31,4,4,0,0,5,1,7,0,3,17,0,12,1,10,6,1,10,0,3,0,0,4,0,4,0,0,0,0,1,3,1,0,0,0,1,4,0,0,1,9,40,0,5,0,2,0,0,60,0,0,0,1,4,5,0,0,0
29483,3,0,0,0,0,2,3,2,5,7,5,3,1,5,6,0,1,0,2,0,0,0,1,0,6,0,0,1,0,8,3,8,0,0,0,0,2,0,8,7,0,6,0,0,2,1,2,0,1,0,0,3,0,1,1,0,0,1,0,0,1,1,1,0,3,4,0,0,0,2,20,1,3,0,4,0,1,60,0,0,0,0,6,8,0,0,0
29569,1,0,0,0,0,0,1,1,0,1,0,0,0,2,0,0,0,0,0,0,0,0,0,0,0,0,0,0,0,0,0,0,0,0,0,0,0,0,0,1,1,0,0,0,0,0,0,0,0,0,0,0,0,0,0,0,0,0,0,0,1,0,0,0,0,2,0,0,1,0,1,0,0,0,0,0,0,4,0,0,0,1,3,1,0,0,0
29617,1,0,0,0,0,1,1,0,1,1,0,0,0,1,0,0,0,0,0,0,0,0,0,0,1,0,0,0,0,2,1,0,0,0,2,0,0,1,1,2,1,1,0,1,0,0,0,0,0,0,0,1,0,0,0,0,0,0,0,0,0,0,0,0,0,0,0,0,2,0,4,1,1,0,0,0,0,13,0,0,0,1,2,1,0,0,0
29679,0,0,0,0,0,1,0,0,0,1,0,0,0,1,2,0,0,0,0,0,0,0,0,0,1,0,0,0,0,4,0,0,0,0,0,0,0,0,0,2,0,1,0,0,0,0,0,0,0,4,0,0,0,0,0,0,0,0,0,0,0,0,0,0,1,4,0,1,1,3,2,0,2,0,0,0,0,12,0,0,0,0,1,0,0,0,0
29699,0,0,0,0,0,0,1,0,0,1,0,0,0,0,0,0,0,0,2,0,0,0,0,0,0,0,0,1,0,2,0,1,0,0,0,0,0,1,0,1,0,1,0,0,0,0,0,0,0,0,0,0,0,0,0,0,0,0,0,0,0,0,0,0,0,2,0,0,0,0,3,0,0,0,1,0,0,6,0,0,0,0,0,0,0,1,0
29807,0,0,0,0,0,2,3,4,2,0,0,0,0,2,0,0,0,0,1,0,0,0,0,1,1,0,0,3,0,2,1,1,0,0,2,0,0,3,1,2,0,0,0,2,0,0,0,0,0,1,0,2,0,1,0,0,0,0,0,0,0,0,0,0,0,3,0,3,1,2,5,0,0,0,1,0,0,14,0,0,0,1,2,1,0,0,0
29843,0,0,0,0,0,2,2,3,1,2,0,0,0,5,1,0,0,0,1,0,0,0,1,1,5,0,1,4,0,9,0,2,0,0,0,0,2,1,0,4,0,2,0,1,0,0,0,0,0,1,0,3,0,0,0,0,0,0,1,0,1,0,0,0,2,1,0,1,2,2,5,0,3,1,0,0,0,24,0,0,0,1,5,1,0,1,0
29850,0,0,0,0,0,2,1,2,0,1,0,0,0,1,1,0,0,0,0,0,0,0,0,0,0,0,0,1,0,1,0,1,0,0,1,0,0,0,1,2,0,0,0,0,0,0,1,0,0,0,0,0,0,0,0,0,0,0,0,0,0,0,0,0,0,1,1,0,1,0,0,0,0,1,1,0,1,7,0,0,0,1,2,0,0,0,0
29859,0,0,0,0,0,2,1,4,0,2,0,0,0,2,3,0,1,0,2,0,0,0,0,1,3,0,0,2,0,11,1,1,0,0,2,0,3,2,0,4,1,6,1,4,0,0,2,0,0,1,0,0,0,1,0,0,0,1,0,0,1,0,0,0,2,3,0,2,1,3,7,0,0,0,1,0,1,23,0,0,0,0,2,0,0,0,0
29875,0,0,0,0,1,6,3,1,5,2,2,3,0,3,8,0,1,3,0,0,0,0,0,0,5,0,0,3,0,15,0,5,1,0,0,0,1,0,4,5,0,4,0,2,1,1,3,0,2,1,2,9,0,5,0,0,1,0,0,0,0,1,5,1,2,1,0,0,1,4,32,0,2,0,0,0,0,52,0,0,0,1,4,2,3,0,0
29880,0,0,0,0,2,5,3,4,8,2,1,3,0,3,9,0,1,1,0,0,0,0,0,0,3,0,0,3,0,16,0,4,1,0,0,0,1,0,4,5,0,4,1,2,1,1,3,0,3,1,2,9,1,5,0,0,1,0,0,0,0,1,5,1,3,1,0,0,1,5,35,0,1,1,0,0,0,50,0,0,0,1,4,2,3,0,0
29903,0,0,0,0,0,1,0,1,0,2,0,0,0,1,1,0,1,0,1,1,0,0,1,0,0,0,0,4,0,5,1,1,0,0,2,1,1,2,3,2,1,4,1,2,0,0,1,0,0,0,0,0,1,0,0,0,0,0,1,0,1,0,0,0,2,2,0,0,0,1,5,0,1,0,0,0,0,18,0,0,0,0,1,1,0,1,0
29959,0,0,0,0,0,1,1,1,0,2,0,0,0,1,0,0,0,0,1,0,0,0,0,0,1,0,0,0,0,0,1,0,0,0,1,0,1,0,0,1,0,2,0,0,0,0,0,0,0,0,0,0,0,0,0,0,0,0,0,0,1,0,0,0,1,3,0,0,1,0,1,0,0,0,0,0,0,13,0,0,0,1,2,1,0,0,0
29975,0,0,0,0,0,1,2,0,0,1,1,0,0,3,1,0,0,1,0,0,0,0,0,0,0,0,0,1,0,2,0,1,0,0,1,0,0,0,0,2,0,1,0,0,0,0,0,0,0,0,0,0,0,1,0,0,0,0,1,0,0,1,0,0,0,0,2,0,2,3,4,0,1,1,0,0,0,9,0,0,0,1,4,0,0,0,0
29995,0,0,0,0,0,1,1,1,0,0,0,0,0,2,0,0,0,0,1,0,0,0,0,0,1,0,0,0,0,2,2,1,0,0,1,0,1,1,0,2,0,2,0,1,0,0,0,0,0,0,0,0,0,0,0,0,0,0,0,0,0,0,0,1,0,1,0,0,1,0,1,0,0,0,0,0,0,15,0,0,0,1,3,1,0,0,1
30006,4,0,0,0,5,2,1,7,28,27,0,3,0,4,7,0,1,0,0,0,0,0,0,0,23,0,0,16,1,36,3,3,1,0,1,0,5,0,11,36,0,10,0,10,3,0,5,5,1,0,3,5,1,3,0,0,5,1,2,9,0,0,6,0,1,9,0,0,0,18,58,0,3,5,8,0,1,60,0,0,0,0,4,7,3,1,0
30072,0,0,0,0,0,0,1,4,0,0,0,0,0,1,0,0,0,0,1,0,0,0,0,0,0,0,0,3,0,1,2,1,0,0,0,0,2,1,1,1,0,3,0,0,0,0,1,0,0,0,1,0,0,0,0,0,0,0,0,0,0,0,0,0,0,3,1,0,1,0,1,0,0,0,0,0,0,8,0,0,0,1,2,0,0,0,0
30148,0,0,0,0,0,1,0,0,0,0,1,0,0,2,3,0,1,2,1,0,0,0,0,0,4,1,0,2,0,4,1,4,0,0,0,0,0,2,4,0,1,1,0,0,0,0,0,0,0,0,0,0,0,1,0,0,0,0,0,0,0,0,0,0,1,0,0,0,2,1,2,0,2,0,0,0,0,20,0,0,0,1,3,1,3,0,0
30182,1,0,0,0,0,2,1,2,0,2,0,0,0,4,1,0,1,0,1,0,0,0,0,0,1,0,0,3,0,5,1,0,0,0,0,0,0,0,0,6,0,1,0,2,1,0,2,2,0,0,0,0,1,1,0,0,0,0,0,0,1,0,0,0,1,3,0,1,0,1,4,0,0,2,0,0,0,13,0,0,0,1,4,1,0,0,0
30196,0,0,0,0,0,0,0,1,0,0,0,0,0,1,2,0,0,0,3,0,0,0,0,0,0,0,0,0,0,0,0,0,0,0,0,0,0,0,0,1,0,0,0,0,0,0,0,0,0,0,0,0,0,0,0,0,0,0,0,0,0,0,0,0,0,0,0,0,1,1,3,0,0,0,0,0,0,3,0,0,0,1,1,0,0,1,0
30214,2,0,0,0,0,2,1,0,0,3,3,0,0,2,2,0,0,0,0,0,0,0,0,0,3,0,0,4,0,15,1,0,0,1,2,1,5,0,3,5,0,8,0,0,0,0,1,0,1,3,0,1,0,0,0,0,0,0,0,0,1,1,0,0,1,3,0,0,2,3,7,0,2,0,0,1,0,32,0,0,0,0,2,0,0,0,0
30227,0,0,0,0,0,1,1,5,0,0,0,0,0,1,1,0,1,0,0,0,0,0,0,0,0,0,0,0,0,2,2,1,0,0,1,0,0,2,0,2,1,0,0,0,0,0,0,0,0,1,0,0,0,0,0,0,0,0,0,0,0,0,0,0,0,2,0,2,2,0,3,0,0,0,0,0,0,12,0,0,0,1,2,1,0,0,0
30283,2,0,0,0,2,4,6,4,9,13,0,5,0,2,8,0,0,0,0,0,0,0,2,1,41,0,0,14,4,47,0,6,2,0,2,0,2,0,5,18,0,10,1,1,14,1,6,1,4,10,0,5,0,3,0,0,0,0,5,2,0,1,1,0,4,10,0,0,0,12,36,0,12,1,5,0,0,60,0,0,0,0,3,6,6,0,0
30309,0,0,0,0,0,1,2,3,2,3,0,0,0,1,2,0,0,0,0,0,0,0,0,0,4,1,0,3,0,12,1,4,0,0,2,1,2,1,1,7,0,3,0,0,4,1,0,1,0,0,0,3,1,1,0,0,1,0,0,0,1,2,0,0,2,1,0,0,0,5,14,0,0,0,0,0,0,40,0,0,0,0,1,1,0,0,0
30314,0,0,0,0,0,1,0,2,0,1,0,0,0,2,0,0,0,0,1,0,0,0,0,0,0,0,0,1,0,6,0,0,0,0,1,0,1,0,0,1,0,1,0,0,0,0,0,1,0,0,0,0,1,1,0,0,0,0,0,0,1,0,0,0,1,1,0,0,1,1,4,0,0,0,0,0,0,10,0,0,0,1,2,0,0,0,0
30327,0,0,0,0,0,3,0,1,2,2,1,0,0,3,0,0,0,0,0,0,0,0,0,0,3,0,0,1,0,5,2,1,0,0,0,0,3,1,2,8,0,10,0,0,1,0,1,1,1,0,0,5,0,1,0,0,0,1,1,0,9,1,0,0,3,0,1,0,1,3,6,0,0,0,0,0,1,37,0,0,0,0,3,0,0,0,0
30332,0,0,0,0,1,0,1,1,0,2,0,0,0,2,0,0,0,0,0,0,0,0,3,0,0,0,0,2,0,1,0,0,0,0,0,0,0,0,0,1,0,0,0,0,0,0,0,0,0,0,0,0,1,1,0,0,0,0,1,0,2,0,0,0,0,0,0,0,0,1,2,0,0,0,0,0,0,7,0,0,0,1,3,1,0,0,0
30333,1,0,0,0,0,0,0,0,0,1,0,0,0,1,0,0,0,0,1,0,0,0,0,0,1,0,0,0,0,0,0,0,0,0,0,0,0,0,0,2,0,1,0,1,0,0,0,0,0,0,0,0,0,0,0,0,0,0,0,0,0,0,0,0,0,0,0,0,0,1,2,0,0,0,0,0,0,2,0,0,0,1,2,0,0,0,0
30335,0,0,0,0,0,0,0,0,0,1,0,0,0,2,1,0,0,0,0,0,0,0,0,0,0,0,0,1,0,0,2,0,0,0,0,0,0,1,0,2,0,1,0,0,0,0,1,0,0,0,0,0,0,0,0,0,0,0,0,0,0,0,0,0,1,1,0,0,0,1,4,0,0,0,0,0,0,5,0,0,0,1,2,3,0,0,0
30351,0,0,0,0,0,0,1,0,0,0,0,0,0,1,1,0,1,0,0,0,0,0,0,1,0,0,0,0,0,0,1,1,0,0,0,0,0,1,0,0,0,0,0,0,0,0,0,0,0,1,0,0,0,0,0,0,0,0,0,0,0,0,0,0,0,0,0,0,1,1,2,0,0,0,0,0,0,6,0,0,0,0,1,0,0,0,0
30353,0,0,0,0,0,0,0,0,0,0,0,0,0,3,0,0,0,0,0,0,0,0,0,0,0,0,0,0,0,6,0,0,0,0,0,0,0,0,0,1,0,0,2,0,0,1,0,0,0,0,0,1,0,0,0,0,0,0,0,0,0,1,1,0,0,1,0,0,0,0,0,0,0,0,0,0,0,1,0,0,0,0,3,1,0,0,0
30423,0,0,0,0,0,1,0,2,0,1,0,0,0,2,0,0,0,0,1,0,0,0,3,1,2,0,0,1,0,5,1,3,0,1,1,0,0,2,0,1,0,0,0,2,0,0,0,2,0,1,0,2,0,0,0,0,0,0,0,0,1,0,0,0,1,3,0,0,1,4,5,0,2,0,0,0,0,15,0,0,0,1,3,0,0,0,0
30429,1,0,0,0,3,5,6,4,7,11,0,6,0,2,8,0,0,0,0,0,0,0,2,1,35,0,0,13,4,53,0,5,1,0,3,0,2,0,4,19,0,9,4,1,13,1,6,0,4,10,0,5,0,3,0,0,0,0,5,2,0,1,2,0,5,10,0,0,0,15,33,0,10,1,5,0,0,60,0,0,0,0,3,5,5,0,0
30440,3,0,0,0,2,5,3,7,35,36,1,6,0,1,14,0,0,0,0,0,0,0,3,0,60,0,1,18,1,57,2,8,1,0,0,1,4,1,8,41,0,12,1,6,31,1,9,1,1,0,1,7,0,6,0,0,8,0,9,4,0,0,0,0,3,5,0,0,0,14,60,0,25,3,9,0,0,60,0,0,0,0,3,16,1,0,0
30456,0,0,0,0,0,1,0,2,2,2,0,0,0,2,1,0,0,0,0,0,0,0,0,0,0,0,0,0,0,4,4,0,0,0,1,0,0,0,0,3,0,1,1,1,0,0,0,0,0,0,0,0,0,0,0,0,0,0,1,0,0,0,0,0,1,1,0,0,0,1,5,0,0,0,0,0,0,8,0,0,0,1,3,0,0,2,0
30472,0,0,0,0,0,1,0,1,3,2,0,0,1,1,0,0,0,0,0,0,0,0,0,0,4,0,0,0,0,1,1,2,0,0,1,0,0,0,2,5,0,1,0,2,0,1,0,0,0,0,0,1,0,0,0,0,0,0,0,0,2,1,0,0,1,0,0,0,0,1,6,0,0,1,0,0,0,16,0,0,0,0,1,1,0,0,0
30499,0,0,0,0,0,1,1,2,1,2,0,0,0,2,0,0,0,0,1,0,0,0,0,0,1,0,0,1,0,1,1,0,0,0,0,0,0,1,1,1,0,0,0,0,0,0,0,0,0,0,0,1,1,0,0,0,0,0,0,0,1,0,0,0,0,1,0,0,1,0,2,0,1,0,0,0,0,8,0,0,0,1,2,1,0,3,0
30506,2,0,0,0,6,1,8,1,9,6,0,11,0,1,10,0,0,0,1,0,0,0,1,0,31,0,1,8,0,20,1,3,1,1,5,0,8,0,1,15,0,14,1,2,13,0,3,2,2,1,1,5,0,2,0,0,0,0,7,0,0,0,0,0,2,9,0,0,1,7,35,0,1,0,1,0,0,60,0,0,0,0,1,3,14,0,0
30518,1,0,0,0,0,2,3,5,2,8,1,0,1,1,1,0,0,0,0,0,0,0,1,0,5,0,0,8,0,18,0,5,0,1,3,1,0,1,0,11,0,5,1,1,1,2,3,2,0,0,0,2,0,0,0,0,0,0,1,0,0,0,0,0,2,6,0,1,1,3,8,0,1,0,1,0,0,45,0,0,0,0,1,1,0,0,0
30528,0,0,0,0,0,0,0,0,0,0,0,0,0,1,0,0,0,0,0,0,0,0,0,0,0,0,0,0,0,0,0,0,0,0,0,0,0,1,0,0,0,0,0,0,0,0,0,0,0,0,0,0,0,0,0,0,0,0,0,0,0,0,0,0,0,1,0,0,0,0,0,0,0,0,0,0,0,3,0,0,0,1,2,0,0,0,0
30644,0,0,0,0,0,0,0,0,1,0,0,0,0,1,2,0,1,0,1,0,0,0,0,0,1,0,0,0,0,5,1,1,0,0,0,0,4,3,1,2,0,4,0,0,0,0,0,0,0,0,0,1,0,1,0,0,0,1,0,0,0,0,0,1,0,2,0,0,1,1,5,0,1,0,0,0,1,19,0,0,0,1,2,1,0,0,0
30680,0,0,0,0,7,4,2,5,0,0,1,0,0,7,4,0,0,0,0,0,0,0,2,1,12,0,0,11,0,16,0,2,0,0,3,0,0,0,3,4,0,1,0,1,0,0,1,1,1,1,1,3,1,1,0,0,0,0,3,0,0,1,1,0,2,5,1,0,1,3,14,0,1,0,0,0,0,38,0,0,0,1,8,1,0,1,0
30724,0,0,0,0,0,1,0,0,2,6,0,0,0,3,0,0,0,0,0,0,0,0,3,0,1,0,0,15,0,42,0,1,0,0,0,0,1,0,1,2,0,1,0,0,1,0,2,0,1,0,0,2,1,1,0,0,0,0,0,0,3,1,0,0,1,7,0,0,0,12,7,0,1,1,3,0,0,19,0,0,0,0,3,1,1,0,0
30732,0,0,0,0,0,1,0,1,0,0,1,0,0,2,1,0,0,0,1,0,0,0,0,1,0,0,0,1,0,0,3,0,0,0,0,0,0,1,0,3,0,1,0,0,0,0,0,0,0,1,0,0,0,0,0,0,0,0,0,0,2,0,0,0,0,0,0,0,1,3,2,0,0,0,0,0,0,5,0,0,0,0,2,0,0,0,0
30734,0,0,0,0,0,1,4,1,2,3,1,1,0,1,0,0,0,0,2,0,0,0,0,0,5,0,0,10,0,35,0,3,0,0,3,0,2,0,0,10,0,3,0,0,1,0,1,0,1,1,0,1,1,3,0,0,0,0,0,0,5,0,0,0,2,6,1,0,0,15,17,0,2,0,2,0,0,47,0,0,0,0,2,2,1,1,0
30756,0,0,0,0,0,4,5,6,2,2,1,1,0,1,3,0,0,0,1,0,0,0,4,1,7,0,1,10,0,34,1,5,0,0,2,1,0,1,4,7,0,2,0,5,2,0,4,1,1,2,0,1,0,2,0,0,1,0,6,0,0,0,1,0,2,2,0,1,2,5,19,0,1,0,1,0,0,50,0,0,0,1,2,2,0,0,0
30776,0,0,0,0,1,6,4,6,20,11,4,0,0,2,6,0,0,0,2,0,0,0,1,0,16,1,0,10,1,21,0,8,0,0,1,0,4,1,6,23,0,15,1,1,5,0,1,0,2,2,1,8,1,6,1,0,2,1,3,4,1,2,2,0,4,3,2,1,1,5,45,1,3,3,4,0,1,60,0,0,0,0,3,6,1,0,0
30786,0,0,0,0,4,6,6,7,19,14,4,0,0,2,7,0,0,0,3,0,0,0,1,0,18,1,0,9,1,28,0,8,0,0,1,0,4,1,7,30,0,15,1,1,6,0,1,0,2,3,1,10,1,6,0,0,2,1,1,3,1,2,1,0,6,3,2,0,1,4,47,1,3,3,4,0,1,60,0,0,0,0,2,5,1,0,0
30791,0,0,0,0,0,0,1,0,0,1,0,0,0,1,0,0,1,0,1,0,0,0,0,0,0,0,0,0,0,0,1,0,0,0,1,0,0,0,0,1,0,0,0,0,0,0,0,0,0,0,0,0,0,0,0,0,0,0,0,0,0,0,0,0,0,0,0,0,1,0,2,0,1,0,0,0,0,8,0,0,0,1,2,0,0,1,0
30819,0,0,0,0,1,4,1,3,0,3,0,2,0,1,3,0,0,0,0,0,0,0,3,0,0,0,0,3,0,4,1,1,0,0,1,0,0,0,4,5,0,0,0,0,0,0,0,0,0,1,0,1,0,0,0,0,0,0,0,0,4,0,0,0,1,8,0,0,1,5,1,0,0,0,3,0,0,17,0,0,0,0,1,1,0,0,0
30838,4,0,0,0,2,2,1,6,7,5,0,1,0,3,6,0,0,1,0,0,0,0,4,0,13,0,0,7,0,28,0,3,0,0,2,1,5,1,2,6,0,8,1,7,2,0,7,1,1,1,1,2,2,3,0,0,1,1,3,1,0,1,2,1,1,5,0,3,1,11,17,0,6,2,0,0,1,60,0,0,0,1,4,4,0,0,0
30858,4,0,0,0,1,5,4,12,13,8,1,1,0,6,9,0,0,1,0,0,0,0,6,0,29,0,0,20,0,56,0,7,0,0,2,2,6,1,2,14,0,12,1,16,4,2,10,1,2,5,2,2,2,5,0,0,2,1,3,0,0,1,0,1,4,5,0,3,0,19,30,0,11,2,0,0,1,60,0,0,0,0,6,7,0,0,0
30864,0,0,0,0,0,3,0,1,2,0,0,1,0,2,2,0,0,0,0,0,0,0,0,0,0,0,0,1,0,9,0,1,0,0,1,1,0,1,2,0,0,0,0,0,0,0,0,0,0,2,0,2,0,1,0,0,0,0,0,0,0,0,0,0,0,4,0,0,3,4,17,0,0,0,1,0,0,11,0,0,0,2,4,1,0,0,0
30877,0,0,0,0,0,0,1,0,0,0,0,0,0,0,0,0,0,0,0,0,0,0,0,0,0,0,0,0,0,0,0,0,0,0,0,0,0,2,0,0,0,0,0,0,0,0,0,0,0,0,0,0,0,0,0,0,0,0,0,0,0,0,0,0,0,0,0,0,0,0,2,0,0,0,0,0,0,2,0,0,0,0,0,0,0,0,0
30894,1,0,0,0,0,1,0,2,0,0,0,0,0,1,0,0,0,0,1,0,0,0,1,0,1,0,0,1,0,0,1,1,0,0,0,0,0,1,3,1,0,0,0,0,0,3,0,0,2,2,0,0,0,0,0,0,0,1,0,0,0,0,0,0,2,0,0,0,1,1,2,0,0,0,0,0,1,11,0,0,0,0,1,0,0,0,0
30905,0,0,0,0,0,1,1,2,0,2,0,0,0,1,0,0,0,0,0,0,0,0,0,0,0,0,0,1,0,2,1,0,0,0,0,0,0,0,5,2,0,1,0,0,1,0,0,0,1,0,0,0,0,1,0,0,0,0,0,0,2,0,0,0,0,2,0,0,1,1,4,0,0,0,0,0,0,6,0,0,0,0,1,0,0,0,0
30959,0,0,0,0,0,0,0,0,0,0,0,0,0,0,0,0,0,0,0,0,0,0,0,0,2,0,0,0,0,0,0,1,0,0,0,0,0,0,0,0,0,1,0,0,0,0,0,0,0,0,0,0,0,0,0,0,0,0,0,0,0,0,0,0,0,0,0,0,0,0,1,0,2,2,0,0,0,7,0,0,0,0,0,0,0,0,0
30995,0,0,0,0,0,1,1,0,0,0,1,0,0,1,0,0,0,0,0,0,0,0,0,0,0,0,0,1,0,1,0,0,0,0,1,0,0,0,0,1,0,0,0,0,0,0,0,0,0,0,0,0,0,0,0,0,0,0,2,0,0,2,0,0,0,1,0,0,0,1,2,0,0,0,0,0,0,7,0,0,0,1,2,0,0,0,0
31018,0,0,0,0,4,1,4,0,5,7,0,0,0,1,1,0,1,0,1,0,0,0,4,0,1,0,0,1,0,14,0,3,2,0,2,0,1,0,3,11,0,2,0,1,1,0,0,0,1,0,0,3,0,2,0,0,0,0,2,1,0,0,0,0,1,4,0,0,0,6,20,0,1,0,1,0,0,35,0,0,0,0,1,1,0,0,0
31215,0,0,0,0,0,0,0,1,0,0,0,0,0,2,0,0,1,0,0,0,0,0,0,0,4,0,0,0,0,1,0,1,0,0,1,0,1,1,0,1,0,3,0,2,0,0,0,0,0,0,0,1,0,0,0,0,0,0,0,0,1,0,0,0,0,0,0,0,1,4,2,0,1,0,0,0,0,15,0,0,0,1,2,1,0,1,0
31244,0,0,0,0,0,1,0,0,0,0,0,0,0,0,0,0,0,1,0,0,0,0,0,0,0,0,0,0,0,0,0,0,0,0,0,0,0,0,0,0,0,0,1,0,0,0,0,0,0,0,0,0,0,0,0,0,0,0,0,0,0,0,0,0,0,0,0,0,0,0,0,0,0,0,0,0,0,0,0,0,0,0,0,1,0,0,0
31257,1,0,0,0,0,3,0,1,0,1,0,0,0,1,0,0,0,0,0,0,0,0,0,0,2,0,0,1,0,4,0,3,0,2,0,0,1,1,2,3,1,3,0,0,0,1,1,2,0,0,0,0,0,1,0,0,0,0,0,0,1,0,0,0,2,2,0,0,1,4,3,0,1,0,1,0,0,19,0,0,0,0,1,1,0,0,0
31258,0,0,0,0,0,0,1,0,0,2,1,0,0,2,0,0,0,0,0,0,0,0,1,0,0,0,0,0,0,4,1,1,0,0,0,0,0,1,0,4,0,0,0,0,0,0,0,0,0,0,0,1,1,0,0,0,0,0,0,0,1,0,0,0,0,0,0,0,0,5,1,0,0,0,0,0,0,7,0,0,0,0,2,3,0,0,0
31289,1,0,0,0,0,1,0,0,0,0,1,0,0,2,0,0,0,0,3,0,0,0,0,0,1,0,0,1,0,1,1,0,0,0,0,0,1,0,3,1,0,1,0,0,0,0,0,0,0,0,0,0,0,0,0,0,0,0,0,0,0,0,0,0,0,5,0,1,0,1,2,1,0,0,0,0,0,12,0,0,0,1,3,0,0,0,0
31290,0,0,0,0,0,1,2,1,4,0,1,0,0,2,1,0,1,0,2,0,0,0,0,0,0,0,0,0,0,1,0,3,0,0,0,0,0,0,0,5,0,0,0,0,0,0,0,0,0,1,0,0,0,0,2,0,1,2,0,0,3,0,0,0,1,1,0,0,0,2,15,0,0,0,0,0,2,11,0,0,0,0,3,0,0,0,0
31401,0,0,0,0,1,4,2,6,0,2,1,0,0,6,3,0,0,0,0,0,0,0,2,1,10,0,0,8,0,11,0,0,0,0,3,0,1,0,0,3,0,1,0,0,0,0,1,0,1,1,0,3,0,1,0,0,0,0,1,0,0,2,0,0,2,2,0,0,1,1,8,0,1,0,0,0,0,30,0,0,0,1,7,1,0,0,0
31440,0,0,0,0,1,0,0,0,0,1,0,0,0,0,0,0,0,0,3,0,0,0,1,0,0,0,0,0,0,2,2,1,0,0,0,0,0,1,0,1,0,1,0,1,0,0,0,0,0,0,0,1,0,0,0,0,0,0,0,0,3,0,0,0,0,1,0,0,0,2,0,0,0,0,0,0,0,5,0,0,0,0,1,0,0,0,0
31441,1,0,0,0,1,2,1,3,1,3,1,0,0,1,2,0,0,0,1,0,0,0,0,1,2,0,0,1,0,8,1,1,0,0,0,1,2,0,1,5,0,4,0,1,1,1,1,0,0,1,0,2,1,2,0,0,0,1,0,0,2,0,0,0,3,5,0,0,2,2,6,0,0,0,1,0,2,26,0,0,0,0,1,0,0,0,0
31527,0,0,0,0,1,1,1,0,8,0,1,0,0,2,2,0,1,0,1,1,0,0,0,0,1,0,0,0,0,3,2,2,0,0,0,0,1,0,0,4,1,2,0,0,0,2,0,0,0,0,1,1,0,1,1,0,0,0,0,1,1,2,0,0,2,0,0,0,0,3,17,0,0,0,1,0,0,16,0,0,0,0,2,2,0,0,0
31553,0,0,0,0,0,2,4,3,0,1,0,1,0,2,1,0,1,0,0,0,0,0,0,1,6,0,0,3,0,23,2,3,0,0,3,0,0,0,0,1,0,1,0,0,1,0,1,0,1,1,0,2,0,0,0,0,0,0,2,0,2,0,0,0,2,6,0,0,1,5,6,0,0,0,0,0,0,35,0,0,0,0,2,2,0,0,0
31660,0,0,0,0,0,1,2,2,2,0,0,1,0,1,0,0,0,0,0,0,0,0,0,0,1,0,0,1,0,1,1,2,0,0,1,0,1,1,3,1,1,1,0,1,0,0,0,2,0,0,0,1,0,0,0,0,0,0,1,0,0,0,0,0,1,1,0,1,0,4,2,1,0,0,1,0,0,17,0,0,0,0,1,1,0,0,0
31711,0,0,0,0,1,2,0,3,1,0,0,0,0,1,2,0,0,0,1,0,0,0,1,0,1,0,0,0,0,0,0,2,0,0,1,0,0,1,1,1,0,0,0,1,0,0,0,0,0,0,1,1,0,1,0,0,0,0,1,0,2,0,0,0,0,1,1,0,0,11,7,0,0,0,0,0,0,9,0,0,0,1,1,2,0,0,0
31737,0,0,0,0,0,3,1,3,0,1,0,0,0,1,1,0,0,0,0,0,0,0,1,0,1,0,0,1,0,15,1,3,2,0,0,0,0,0,0,3,0,1,0,0,0,0,1,0,0,0,0,0,0,0,0,0,0,0,0,1,0,0,0,0,3,3,0,0,1,6,2,0,0,0,0,0,0,13,0,0,0,0,1,1,0,0,0
31743,0,0,0,0,0,0,3,0,0,0,0,0,0,1,0,0,0,0,0,0,0,0,0,0,0,0,0,0,0,1,0,0,0,0,0,0,0,0,0,1,0,0,0,0,0,1,0,0,0,0,0,0,1,0,0,0,0,0,0,0,0,0,0,0,1,1,0,0,1,2,2,0,0,0,0,0,0,6,0,0,0,0,1,0,0,0,0
31751,2,0,0,0,0,2,2,5,0,1,0,0,0,4,0,0,0,0,0,0,0,0,1,0,0,0,0,1,0,5,1,0,0,1,1,0,0,0,2,3,0,1,0,0,0,0,1,0,0,0,0,1,0,0,0,0,0,0,0,0,1,0,0,0,0,5,0,2,1,8,3,1,0,0,0,0,0,9,0,0,0,1,4,2,0,0,0
31763,0,0,0,0,0,2,0,2,0,1,0,0,0,2,0,0,0,0,0,0,0,0,0,0,0,0,0,0,0,1,2,3,0,0,0,0,0,1,1,2,0,1,0,0,0,0,0,0,0,0,0,0,0,0,0,0,0,0,0,0,0,0,0,0,0,0,0,0,1,2,0,0,0,0,0,0,0,6,0,0,0,1,2,1,0,0,0
31816,2,1,0,0,0,3,3,6,2,2,1,0,0,2,2,0,1,0,0,0,0,0,1,1,8,0,2,3,0,14,0,2,0,0,3,0,0,0,0,4,0,1,0,3,2,0,2,1,2,3,0,2,1,1,0,0,0,0,5,0,0,0,3,0,2,5,0,0,1,3,17,0,1,0,1,0,0,44,0,0,0,1,3,1,0,1,0
31838,0,0,0,0,0,0,1,0,0,0,1,0,0,1,1,0,0,0,1,0,0,0,0,0,0,0,0,0,0,0,0,0,0,0,0,0,0,0,0,0,0,3,0,0,0,0,0,0,0,0,0,1,0,0,0,0,0,0,0,1,0,0,0,0,0,0,0,0,0,0,1,0,0,0,0,0,0,8,0,0,0,1,2,0,0,0,0
31848,0,0,0,0,1,2,2,2,1,2,0,0,0,1,0,0,0,0,2,1,0,0,0,0,3,0,0,2,0,4,0,0,0,1,4,1,0,1,1,4,0,3,0,5,1,0,1,0,1,0,0,0,0,2,0,0,0,0,0,0,2,0,0,0,1,2,0,0,1,0,6,0,0,1,0,0,0,24,0,0,0,0,1,1,0,1,0
31866,0,0,0,0,0,1,0,4,2,4,1,0,0,3,1,0,0,0,0,0,0,0,0,0,3,0,0,1,0,2,0,0,0,0,0,0,4,0,1,3,1,5,0,0,0,0,0,0,0,0,0,1,0,0,0,0,0,0,0,0,0,0,0,1,1,1,0,0,0,2,7,0,0,1,0,0,0,18,0,0,0,0,3,0,0,0,0
31887,1,0,0,0,0,1,3,2,3,1,0,1,0,0,6,0,0,0,0,0,0,0,0,1,5,0,0,1,0,2,2,2,0,0,3,0,1,0,0,2,0,2,0,1,1,0,1,0,0,1,0,11,0,1,0,0,1,0,1,1,1,2,0,0,1,0,0,0,0,10,12,0,2,0,0,0,0,34,0,0,0,0,0,1,0,0,0
31889,0,0,0,0,0,2,2,3,6,0,1,0,0,2,4,0,0,0,0,0,0,0,1,0,1,0,0,1,0,2,1,2,0,0,0,0,0,0,0,1,0,1,0,0,1,0,1,0,0,0,0,10,0,1,0,0,1,0,0,2,0,3,0,0,1,1,0,0,1,2,17,0,1,0,0,0,0,21,0,0,0,1,2,1,0,0,0
31900,0,0,1,0,0,1,0,1,2,0,0,0,0,5,1,0,0,0,0,0,0,0,1,1,2,0,0,0,0,2,1,1,0,0,0,0,0,0,0,1,0,0,0,0,0,0,0,0,0,1,0,9,0,0,0,0,0,0,0,0,0,0,0,0,0,0,0,0,1,3,10,0,0,1,1,0,0,8,0,0,0,0,6,3,0,0,0
31971,0,0,0,0,0,3,1,5,1,3,0,0,0,4,4,0,2,0,1,0,0,0,0,0,9,1,0,5,0,22,0,7,0,0,0,0,1,2,0,12,0,6,0,9,0,0,6,0,1,1,1,0,1,3,0,0,2,0,1,2,0,0,0,0,2,2,0,1,0,8,11,0,3,0,1,0,0,45,0,0,0,0,4,1,0,0,0
31993,0,0,0,0,0,0,1,0,3,0,1,0,0,1,1,0,0,0,0,0,0,0,1,0,2,0,0,2,0,2,1,0,0,0,0,0,1,0,0,2,0,2,0,1,0,0,1,0,0,0,0,1,0,0,0,0,0,0,0,0,0,0,0,0,0,0,0,0,1,2,5,0,0,0,0,0,0,14,0,0,0,0,3,1,0,0,0
32005,0,0,0,0,0,1,4,3,1,0,0,0,0,2,0,0,1,0,2,0,0,1,0,0,0,0,0,2,0,4,3,1,0,0,2,0,0,0,0,1,0,2,0,1,0,0,1,1,0,1,0,0,0,1,0,0,0,0,2,0,1,0,0,0,2,2,2,0,1,4,6,0,0,0,0,0,0,22,0,0,0,0,2,2,0,0,0
32007,4,0,0,0,0,9,14,29,25,47,1,6,0,2,16,0,0,2,1,0,1,0,5,1,60,0,0,39,4,60,1,9,3,0,4,0,7,1,8,60,1,21,2,3,27,1,35,0,3,2,5,7,0,13,0,0,5,1,0,7,0,3,5,0,8,16,0,0,0,40,60,0,40,3,10,0,1,60,0,0,1,0,3,32,1,1,0
32040,0,0,0,0,0,0,1,2,0,1,0,0,0,0,0,0,1,0,2,0,0,0,3,0,0,0,0,0,0,1,0,0,0,0,0,0,0,0,0,4,0,2,0,0,0,0,0,0,0,0,0,0,0,2,0,0,0,0,1,0,0,0,0,0,1,1,1,0,0,0,5,1,0,0,0,0,0,9,0,0,0,0,0,0,0,0,0
32077,0,0,0,0,0,1,1,0,0,2,0,0,0,1,0,0,1,0,2,0,0,0,0,0,2,0,0,0,0,0,0,0,0,0,0,0,2,3,0,3,0,4,0,0,0,0,0,0,0,0,0,0,0,0,0,0,1,0,0,0,0,0,0,0,0,0,0,0,0,1,1,0,1,1,1,0,0,15,0,0,0,1,2,0,0,0,0
32120,0,0,0,0,1,1,0,2,0,1,1,0,0,1,0,0,0,0,0,0,0,0,0,0,1,0,0,0,0,3,0,0,0,0,0,0,0,0,0,1,0,0,0,0,0,0,0,0,2,0,0,0,0,0,0,0,0,0,0,0,0,0,0,0,1,6,1,0,1,0,1,0,0,0,0,0,0,7,0,0,0,1,1,0,0,0,0
32126,3,0,0,0,1,3,0,12,4,5,0,1,0,5,5,0,0,0,0,0,0,0,3,1,9,0,0,3,0,26,1,3,0,1,2,0,1,0,0,8,0,3,1,5,2,0,10,0,0,2,1,1,1,2,0,0,1,0,4,1,0,0,1,0,2,2,0,1,1,8,15,0,2,0,1,0,0,46,0,0,0,0,5,1,0,0,0
32137,0,0,0,0,0,3,2,1,0,2,1,0,0,4,1,0,0,0,0,0,0,0,1,1,18,0,0,0,0,2,2,4,0,1,0,1,2,1,2,3,0,3,0,1,0,0,0,0,1,1,0,2,0,0,0,0,0,0,1,0,0,0,0,0,1,0,0,0,1,2,4,0,5,1,1,0,0,47,0,0,0,1,4,3,0,0,0
32161,1,0,0,0,0,3,1,4,3,4,0,1,0,1,3,0,0,0,1,0,0,0,0,0,8,0,0,2,1,14,3,6,0,2,2,1,0,1,0,6,1,5,0,4,2,1,0,0,1,1,0,2,0,2,0,0,0,1,1,0,0,0,1,0,0,5,0,0,1,10,17,0,4,1,0,0,1,59,0,0,0,0,1,4,0,0,0
32166,1,0,0,0,0,4,1,6,2,4,0,1,0,1,3,0,0,0,1,0,0,0,0,0,7,0,0,2,1,16,3,9,0,0,2,1,0,0,0,8,1,6,0,6,2,1,1,1,1,0,0,1,0,1,0,0,0,1,1,0,0,0,1,0,1,6,0,0,1,18,16,0,3,1,0,0,1,60,0,0,0,0,1,3,0,0,0
32213,0,0,0,0,0,2,3,3,1,0,0,0,0,1,1,0,0,0,0,0,0,0,1,1,0,0,1,1,0,3,0,2,0,0,0,0,1,2,1,3,0,2,0,0,2,0,0,1,0,2,0,0,0,1,0,0,0,0,0,0,0,0,0,0,1,1,0,1,1,3,4,0,0,0,0,0,0,12,0,0,0,1,1,0,0,0,0
32228,0,0,0,0,0,2,1,4,0,2,1,0,0,1,0,0,0,0,0,0,0,0,1,0,0,0,0,0,0,0,1,2,0,0,2,0,0,0,1,2,0,0,0,0,0,1,0,1,0,0,0,0,0,0,0,0,0,0,1,0,1,0,0,0,1,2,0,0,1,1,3,0,0,1,0,0,0,19,0,0,0,1,1,0,0,0,0
32234,1,0,0,0,0,0,0,0,0,0,0,0,0,2,0,0,3,0,5,0,0,0,0,0,0,0,0,0,0,0,0,0,0,0,0,0,1,1,0,0,0,1,1,0,0,0,0,0,0,0,0,1,0,0,0,0,0,0,0,0,1,0,0,0,0,0,0,0,0,0,0,0,0,0,0,0,0,6,0,0,0,1,2,0,0,0,0
32239,0,0,0,0,0,2,1,1,2,0,0,0,0,1,1,0,1,0,2,0,0,0,1,0,0,0,0,2,0,2,0,4,0,0,0,0,0,2,0,1,0,1,0,1,0,0,0,0,1,0,0,1,0,0,0,0,0,0,0,1,0,0,0,0,0,1,0,0,2,3,7,0,0,0,0,0,0,12,0,0,0,1,2,0,0,0,0
32265,1,0,0,0,0,3,1,3,0,5,0,0,0,1,3,0,3,0,3,3,0,0,0,0,4,1,0,4,0,12,1,4,0,0,2,0,3,6,3,7,0,5,1,4,1,1,1,0,1,0,1,0,0,1,0,0,0,0,0,0,0,0,0,0,2,4,0,0,1,4,5,0,0,0,0,0,0,36,0,0,0,1,2,3,0,0,0
32289,0,0,0,0,1,4,2,3,3,1,0,0,0,2,2,0,0,0,0,0,0,0,2,1,8,0,1,8,0,4,2,0,0,0,3,0,0,0,2,6,0,3,2,0,4,0,2,1,0,3,0,3,1,1,0,0,0,1,0,0,0,0,1,0,1,2,0,2,1,6,15,0,0,0,1,0,1,35,0,0,1,1,3,4,0,0,0
32305,0,0,0,0,0,4,0,3,0,2,1,2,0,2,0,0,0,0,0,0,0,0,2,0,5,0,0,8,0,7,1,0,0,0,0,0,0,0,3,4,0,3,2,1,1,0,2,1,0,0,0,1,0,2,0,0,0,0,0,0,0,0,1,0,1,3,0,1,1,5,10,0,1,1,1,0,0,27,0,0,1,2,4,4,0,0,0
32316,0,0,0,0,1,2,0,3,0,0,0,0,0,4,1,0,1,0,1,0,0,0,0,0,2,0,0,0,0,2,4,1,0,0,1,0,0,0,0,1,0,0,0,0,0,0,1,0,0,0,0,0,0,0,0,0,0,0,0,0,0,0,1,0,1,0,0,0,1,6,6,0,1,0,0,0,0,17,0,0,0,1,4,0,0,0,0
32323,0,0,0,0,0,1,0,2,0,3,0,0,0,2,1,0,0,0,0,0,0,1,1,1,3,0,0,1,0,1,0,1,0,0,1,0,2,1,1,4,0,3,0,0,0,0,0,1,1,1,0,0,0,1,0,0,0,0,2,0,0,0,0,0,2,2,0,0,1,2,5,0,0,0,0,0,0,22,0,0,0,1,2,0,0,1,0
32357,0,0,0,0,0,1,2,3,2,1,0,0,0,2,1,0,0,0,0,0,0,0,0,4,2,0,0,1,0,4,2,0,0,1,1,0,1,0,1,5,0,3,0,1,0,0,0,0,1,4,1,1,0,0,0,0,0,0,1,0,0,0,0,0,1,1,0,0,1,3,10,0,0,0,1,0,0,17,0,0,0,1,2,1,0,0,0
32411,1,0,0,0,0,5,1,5,3,2,1,3,0,2,5,0,0,0,0,0,1,0,1,0,4,0,0,12,0,20,0,5,0,0,1,0,0,0,6,5,0,2,1,1,0,2,5,0,0,2,0,1,1,2,0,0,0,1,1,1,0,1,4,0,1,2,0,2,3,5,11,0,0,0,0,0,1,36,0,0,0,1,2,2,0,0,0
32412,0,0,0,0,0,4,0,4,1,2,0,0,0,2,3,0,0,0,1,0,0,0,1,0,4,0,0,0,0,8,2,3,0,0,1,1,1,1,1,10,0,5,0,2,3,0,0,0,0,0,0,3,1,0,0,0,1,0,1,0,0,0,0,0,1,4,0,1,0,4,11,0,1,0,1,0,0,32,0,0,0,1,2,1,0,0,0
32447,0,0,0,0,0,1,2,4,2,0,0,0,0,2,1,0,0,0,0,0,0,1,0,2,3,0,0,4,0,7,0,1,0,0,1,0,2,0,3,5,0,2,1,3,0,0,1,1,0,2,0,0,2,2,0,0,0,0,0,0,0,0,0,0,2,2,0,2,1,6,10,0,1,1,0,0,0,25,0,0,0,0,2,2,0,1,0
32463,2,0,0,0,0,1,5,8,10,18,0,3,0,4,10,0,0,0,0,0,0,0,1,0,51,0,1,15,3,60,0,6,0,0,3,0,3,0,5,22,0,11,2,6,11,1,8,4,1,0,2,3,0,5,0,0,2,5,1,2,1,1,4,0,4,6,0,0,0,8,40,0,12,5,7,0,5,60,0,0,1,0,4,8,0,0,0
32593,0,0,0,0,0,1,0,1,0,0,0,0,0,1,1,0,0,0,0,0,0,0,0,0,1,0,0,0,0,0,0,2,0,0,0,0,0,0,0,2,0,0,0,0,0,0,0,0,0,0,0,0,0,0,0,0,0,0,0,0,1,0,0,0,0,1,0,0,0,5,3,0,0,0,0,0,0,8,0,0,0,1,2,2,0,1,0
32616,0,0,0,0,0,1,0,3,0,1,0,0,0,3,0,0,0,0,0,0,0,0,0,0,2,0,0,2,0,1,0,1,0,0,0,0,0,0,1,1,0,0,0,0,0,0,0,0,0,0,0,0,0,1,0,0,0,0,0,0,0,0,0,0,1,0,0,0,1,3,3,0,0,0,0,0,0,7,0,0,0,1,4,0,0,0,0
32656,0,0,0,0,0,1,1,1,0,2,0,0,0,2,0,0,0,0,0,0,0,0,0,0,0,0,0,1,0,1,0,0,0,0,0,0,0,0,0,2,0,2,0,0,0,0,0,0,0,0,0,1,0,0,0,0,0,0,0,0,1,0,1,0,0,0,1,0,1,2,1,0,0,0,0,0,0,6,0,0,0,1,2,0,0,0,0
32662,0,0,0,0,0,0,0,0,6,1,0,0,0,2,1,0,0,0,1,0,0,0,1,0,1,0,0,0,0,0,1,1,0,0,0,0,0,0,0,1,0,0,1,0,0,0,0,1,0,2,0,2,1,4,1,0,0,0,0,1,0,1,1,0,0,1,0,0,1,1,16,0,0,0,0,0,0,4,0,0,0,0,2,1,2,2,0
32730,0,0,0,0,0,0,2,2,0,3,0,1,0,2,0,0,0,0,1,0,0,0,2,0,1,0,0,1,0,6,0,6,0,1,1,0,1,0,2,5,0,1,0,1,1,0,1,1,0,0,0,1,0,1,0,0,0,0,0,0,0,0,0,0,2,0,0,1,0,2,7,0,0,0,1,0,0,26,0,0,0,1,2,0,0,0,0
32731,0,0,0,0,0,1,0,0,1,0,0,0,0,2,1,0,0,0,0,0,0,0,0,0,1,0,0,0,0,1,1,0,0,0,0,0,0,0,0,0,0,0,0,0,0,0,0,0,0,0,0,11,0,0,0,0,0,0,0,0,0,0,0,0,0,1,0,0,2,3,3,0,0,0,1,0,0,3,0,0,0,1,3,2,0,0,0
32780,0,0,0,0,0,2,0,1,0,0,0,0,0,2,0,0,0,0,0,0,0,0,0,1,0,0,0,2,0,2,1,1,0,0,0,0,0,0,0,0,0,0,0,0,0,0,0,0,0,1,0,3,0,0,0,0,0,0,0,0,0,0,0,0,1,1,0,0,1,1,9,1,0,0,0,0,0,6,0,0,0,1,2,0,0,0,0
32850,0,0,0,0,0,1,0,0,0,0,2,0,1,2,1,0,0,0,0,0,0,0,0,0,0,0,0,0,0,0,0,2,0,0,0,0,0,0,0,0,0,2,0,0,0,0,0,0,0,0,0,1,0,0,0,0,0,0,0,0,1,0,0,0,0,0,0,0,1,0,3,0,0,0,0,0,0,8,0,0,0,1,2,0,0,0,0
32852,1,0,0,0,0,2,0,0,0,3,1,0,0,1,0,0,0,0,2,0,0,0,0,0,0,0,0,1,1,2,0,2,0,0,1,0,0,2,0,4,0,1,0,0,1,0,0,0,0,2,0,0,0,0,0,0,0,0,0,0,0,0,0,0,0,2,0,0,0,0,1,0,2,2,0,0,0,14,0,0,0,0,1,0,0,0,0
32853,0,0,0,0,0,3,1,4,0,1,0,0,0,2,0,0,0,0,1,0,0,0,0,0,1,0,0,1,0,5,0,2,0,0,0,0,0,0,4,3,0,2,0,1,0,0,0,0,0,0,0,0,0,1,0,0,0,0,1,0,0,0,0,0,1,1,0,0,3,3,3,0,1,0,0,0,0,14,0,0,0,1,3,0,0,0,0
32865,0,0,0,0,0,0,0,0,0,0,0,0,0,2,0,0,2,0,3,1,0,0,0,0,0,0,0,0,0,0,0,0,0,0,0,0,0,4,1,0,0,0,0,0,0,0,0,0,0,0,0,0,0,0,0,0,0,0,0,0,0,0,0,0,0,1,0,0,0,2,1,0,0,0,0,0,0,3,0,0,0,0,2,1,0,1,0
32921,0,0,0,0,0,2,0,1,0,0,0,0,0,3,0,0,0,0,0,0,0,0,0,1,0,0,0,1,0,2,0,2,0,0,0,0,0,0,0,0,0,2,0,0,0,0,0,0,0,1,0,3,0,0,0,0,0,0,0,0,0,0,0,0,0,0,0,0,1,1,8,0,0,0,0,0,0,7,0,0,0,1,4,1,0,0,0
32952,1,0,0,0,0,3,4,5,2,4,1,0,0,3,3,0,0,0,0,0,0,0,0,2,7,0,2,4,0,9,2,2,0,0,2,0,1,3,2,4,0,2,0,7,1,0,3,1,1,3,0,2,0,4,0,0,0,0,0,0,1,0,0,0,2,0,0,0,1,3,14,0,4,0,0,0,0,42,0,0,0,1,4,2,0,0,0
33016,0,0,0,0,0,3,1,1,2,4,2,0,0,4,1,0,1,1,0,0,0,0,0,0,3,0,0,3,0,11,0,2,0,0,0,0,2,0,1,6,0,3,0,5,0,0,5,0,1,4,0,2,1,0,0,0,0,0,1,1,0,0,0,0,1,4,0,1,0,4,15,0,2,0,0,0,0,25,0,0,0,1,4,2,0,0,0
33018,0,0,0,0,0,0,0,0,2,0,0,0,0,3,0,0,0,0,0,0,0,0,0,0,0,0,0,0,0,3,0,1,0,0,0,0,0,0,0,0,0,1,0,0,0,0,0,0,0,0,0,0,0,0,0,0,0,0,0,2,1,0,0,0,0,0,0,0,0,4,0,0,0,0,0,0,0,4,0,0,0,1,3,0,0,0,0
33104,0,0,0,0,0,1,2,1,0,0,1,5,0,3,2,0,1,0,2,1,0,0,1,0,20,1,0,0,1,0,0,1,0,0,1,1,3,2,0,1,1,7,0,0,2,1,0,0,1,0,0,1,0,1,0,0,0,1,0,0,0,0,0,0,0,0,0,0,0,1,4,0,3,1,0,0,0,60,0,0,0,0,3,2,0,0,0
33111,2,0,0,0,0,1,2,1,0,0,1,5,0,3,1,0,1,0,2,1,0,0,0,0,20,1,0,0,1,0,0,1,0,0,1,1,3,2,0,1,1,7,0,0,2,1,1,0,1,0,0,1,0,1,0,0,0,1,0,0,0,0,1,0,0,0,0,0,0,1,4,0,3,1,0,0,0,59,0,0,0,0,3,1,0,0,0
33917,0,0,0,0,0,0,0,0,0,0,0,0,0,0,0,0,0,0,0,0,0,0,0,0,0,0,0,0,0,0,0,1,0,0,0,0,0,2,0,0,0,0,0,1,0,0,0,0,0,1,0,0,0,0,0,0,0,0,0,0,0,0,0,0,0,0,0,0,0,0,0,0,0,0,0,0,0,1,0,0,0,0,0,0,0,0,0
34713,0,1,0,0,0,1,0,1,0,0,0,0,0,2,1,0,0,0,0,0,0,0,1,0,1,0,0,0,0,2,0,1,0,1,0,0,0,2,0,1,0,0,1,0,0,0,0,0,0,0,0,2,0,0,0,0,0,0,0,0,0,0,0,0,0,0,0,0,1,1,0,0,0,0,0,0,0,2,0,0,0,0,2,0,0,0,0
34900,0,0,0,1,0,0,1,0,0,1,0,0,0,1,0,0,3,0,4,0,0,0,1,0,0,1,0,0,0,0,1,0,0,0,0,0,0,5,0,1,0,1,0,0,0,0,0,0,0,0,0,0,0,0,0,0,0,0,0,0,0,0,0,0,0,0,0,0,0,1,0,0,0,0,0,0,0,7,0,0,0,0,1,0,0,0,0
36151,0,0,0,0,0,3,1,2,1,2,0,0,0,2,2,0,0,0,0,1,0,0,1,0,0,0,0,2,0,2,0,1,0,0,0,0,0,3,0,2,0,0,1,1,0,0,2,1,0,0,0,2,2,0,0,0,0,1,1,0,1,0,1,0,1,1,0,0,1,1,6,0,0,0,1,0,1,9,0,0,0,1,2,0,0,1,0
36154,0,0,0,0,0,0,0,2,0,3,0,0,0,1,0,0,0,0,1,0,0,0,0,0,1,0,0,0,0,3,2,0,0,0,1,0,0,0,1,2,0,0,0,0,0,0,0,0,0,0,0,1,0,0,0,0,0,0,0,0,0,0,0,0,0,0,0,0,1,2,4,0,0,0,0,0,0,9,0,0,0,0,1,0,0,0,0
36570,0,0,0,0,0,3,0,1,0,2,1,0,0,1,0,0,0,0,0,0,0,0,0,1,0,0,0,1,0,6,1,2,0,0,0,0,0,1,2,4,0,1,0,0,0,0,0,0,0,1,0,0,0,0,0,0,0,0,1,0,1,0,0,0,1,0,0,1,1,1,4,0,1,0,0,0,0,13,0,0,0,0,1,1,0,0,0
36589,0,0,0,0,0,0,1,1,0,1,0,0,0,2,1,0,0,0,1,0,0,0,0,0,0,0,0,0,0,0,0,3,0,0,0,0,0,0,2,0,0,2,1,0,0,0,0,0,0,0,0,0,0,0,0,0,0,0,0,0,0,0,0,0,0,1,1,0,1,2,4,0,0,0,1,0,0,10,0,0,0,0,2,0,0,0,0
36934,0,0,0,0,0,0,0,0,0,0,0,0,0,2,1,0,0,0,0,0,0,0,0,0,0,0,0,0,0,1,1,0,0,0,0,0,1,1,0,0,0,1,0,0,0,0,0,0,0,0,0,0,0,0,0,0,0,0,0,0,1,0,0,0,0,1,0,1,1,1,2,0,0,0,0,0,0,1,0,0,0,1,2,0,0,0,0
39228,0,0,0,0,0,0,0,0,1,1,0,0,0,2,0,0,0,0,0,0,0,0,1,0,0,0,0,1,0,2,0,0,0,0,0,0,0,0,0,2,0,0,0,0,0,0,0,0,0,0,0,0,1,0,0,0,0,1,0,0,0,0,0,0,0,1,0,0,0,0,3,0,0,1,0,0,1,3,0,0,0,1,3,1,0,0,0
40407,1,0,0,0,0,0,0,0,2,1,2,1,1,2,3,0,5,3,5,2,0,0,1,0,2,1,0,0,0,0,1,0,0,0,0,0,9,8,0,2,1,13,0,0,0,0,0,0,0,0,0,2,0,1,0,0,0,0,0,0,1,0,0,0,0,0,0,0,0,9,7,0,0,0,0,0,0,32,0,0,0,0,2,3,4,0,0
44781,0,0,0,0,0,0,0,0,1,1,0,0,0,1,0,0,1,0,1,0,0,0,0,0,0,0,0,0,0,0,0,0,0,0,0,0,1,2,0,0,0,1,0,0,0,0,0,0,1,1,0,0,0,0,0,0,0,0,0,0,0,0,0,0,0,0,0,0,0,0,0,0,0,0,0,1,0,3,0,0,0,0,1,0,0,0,0
45940,0,0,0,0,0,1,1,2,0,1,0,0,0,7,0,0,1,0,3,0,0,0,0,0,0,0,0,1,0,1,0,0,0,0,0,0,0,2,0,2,0,0,0,0,0,0,0,0,0,0,0,1,0,0,0,0,0,0,0,0,0,0,0,0,0,1,0,0,0,0,0,0,0,0,0,0,0,6,0,0,0,0,7,0,0,1,0
46147,0,0,0,0,1,0,2,0,4,1,0,0,0,3,1,1,0,0,0,0,0,0,1,0,1,0,0,0,0,2,0,1,2,0,0,0,0,0,1,0,0,2,0,0,0,0,0,0,1,0,0,2,0,1,0,0,1,0,0,0,1,2,1,0,0,1,1,0,0,1,11,1,0,0,0,0,0,18,0,0,0,0,3,2,0,0,0
46279,0,0,0,0,0,0,0,0,0,0,0,0,0,0,0,0,0,0,5,0,0,0,0,0,1,0,0,0,0,0,0,0,0,0,0,0,0,2,0,0,0,1,0,0,0,0,1,0,0,0,0,1,0,0,0,0,0,0,0,2,1,1,0,0,0,0,0,0,0,1,2,0,0,0,0,0,0,3,0,0,0,0,0,0,0,0,0
46361,0,0,0,0,1,1,0,0,0,2,0,1,0,3,1,0,0,0,0,0,0,0,1,0,2,0,0,2,0,3,2,3,0,0,0,0,0,0,0,2,0,1,0,1,0,0,0,0,0,0,0,3,0,0,0,0,0,0,0,0,0,1,0,0,0,1,0,0,1,1,3,0,1,0,0,0,0,11,0,0,0,1,3,2,0,0,0
46379,4,0,0,0,1,5,6,8,7,10,1,1,0,3,7,0,1,0,2,0,0,0,0,0,26,0,0,5,1,34,2,8,0,0,2,0,1,1,3,13,0,8,0,3,3,0,9,1,2,2,0,3,0,2,0,0,3,0,1,3,1,0,1,1,4,9,0,0,2,9,22,0,7,1,4,0,0,60,0,0,1,1,4,2,0,1,0
46468,3,0,0,0,1,5,5,13,11,20,0,5,0,4,9,0,0,0,0,0,0,0,0,0,32,0,0,25,1,60,3,8,0,0,2,0,2,1,3,24,0,8,3,13,2,1,16,2,0,10,0,3,1,3,0,0,2,0,0,0,0,2,2,0,8,14,0,0,0,60,41,0,8,1,4,0,0,60,0,0,0,0,4,9,0,0,0
46587,4,0,0,0,0,3,3,6,0,1,0,1,0,1,0,0,0,0,0,0,0,0,1,0,2,0,0,1,0,12,2,2,0,0,0,0,0,0,1,0,0,1,0,2,1,1,3,0,0,0,1,0,0,1,0,0,0,0,0,0,0,0,0,0,1,6,0,2,1,1,4,0,1,0,0,0,0,25,0,0,0,0,1,1,0,0,0
46610,0,0,0,0,0,0,0,0,0,0,0,0,0,2,0,0,0,0,0,0,0,0,0,0,0,0,0,0,0,10,0,0,0,0,0,0,0,0,0,1,0,1,4,0,0,0,0,0,0,0,0,0,0,0,0,0,0,0,0,0,0,0,0,0,0,0,0,0,0,0,0,0,0,0,0,0,0,1,0,0,0,0,2,0,0,0,0
47724,0,0,0,0,0,0,0,0,0,0,0,0,0,1,0,0,0,0,0,0,0,0,0,0,0,0,0,0,0,0,0,0,0,0,0,0,0,3,0,0,0,0,0,0,0,0,0,0,0,0,0,0,0,0,0,0,0,0,0,0,0,0,0,0,0,0,0,0,0,0,0,0,0,0,0,0,0,0,0,0,0,0,1,0,0,0,0
